customer_id,customer_unique_id,customer_zip_code_prefix,customer_city,customer_state
00e528b5,2d4284b9-120,20011,Belo Horizonte,MG
c22c6f88,da83668f-852,92998,Recife,PE
e0965c13,fd331cb7-794,79547,Rio de Janeiro,RJ
89c426c8,b17e7a21-fa6,35415,Recife,PE
803941d0,c5691bd9-98f,56019,Salvador,BA
f6f369ee,c7c7949e-d86,40968,Belo Horizonte,MG
d149a1bb,44dd5d74-91d,29194,Rio de Janeiro,RJ
e00ea70d,e1ea3f62-5fe,35856,Porto Alegre,RS
9ef92d08,f6f81f96-62d,88957,Belo Horizonte,MG
3d312550,0a815292-dbf,95918,Belo Horizonte,MG
3bb67932,1ee85633-e9e,33218,Rio de Janeiro,RJ
fbb1ac7f,6a1a4012-58b,70811,Fortaleza,CE
8f11d974,58e5e814-53f,85952,Campinas,SP
7a28783b,f3c58d18-6d4,99277,Fortaleza,CE
2387a004,c1e2afbb-a95,94278,Campinas,SP
695d8586,422c2d9f-6b5,52363,Campinas,SP
cefff033,47d22db1-23d,29786,Salvador,BA
e64883a2,b7de4d8d-e72,18950,Fortaleza,CE
601914c8,4f3d1753-608,67961,Fortaleza,CE
99298cff,92b2b079-7e2,46002,Porto Alegre,RS
6ebf69a1,46243129-f0d,17362,Campinas,SP
ead8ba46,e1ea3f62-5fe,76497,Salvador,BA
fec2d4a4,48783f50-096,50685,Rio de Janeiro,RJ
7d51ddf0,ae89b7b1-8d2,69233,Fortaleza,CE
d3ac96a2,04e373a4-1dd,17456,São Paulo,SP
0ed1d17a,fc6c2e33-69f,47627,Salvador,BA
9a1c2e5a,cf3bd411-0e3,94497,Rio de Janeiro,RJ
8ccbb1b4,b0c70159-900,90610,Rio de Janeiro,RJ
fac5f41b,671487d6-bd2,76462,Campinas,SP
ccab290b,caba88ea-e12,70648,Brasília,DF
d4d13e12,5dbe4e68-5b1,82655,Campinas,SP
64c98a13,cf3bd411-0e3,68947,São Paulo,SP
053ea82c,d49c39ad-52e,95437,Campinas,SP
a2c6c8c2,e1247767-e34,52143,Curitiba,PR
23b6f2c7,0a32c860-67b,72341,Campinas,SP
87d8a4ea,44dd5d74-91d,29773,Recife,PE
913f81b3,b9d450e0-418,69050,São Paulo,SP
20e477f1,624c0239-f95,55015,Rio de Janeiro,RJ
bd68b1f4,715cae17-26a,76132,Rio de Janeiro,RJ
b5e408d4,82bae8bf-6c5,15130,Belo Horizonte,MG
609a1831,449f0671-d83,67377,Curitiba,PR
e488fd8f,2e1e0e26-b6a,78690,Fortaleza,CE
822627fd,e1e39ca6-193,89928,Recife,PE
6e633b28,d94dc11b-f4b,57696,Belo Horizonte,MG
b70ddfde,76b4424a-2ab,47079,Salvador,BA
9d5eb4a1,e9546f13-e5c,63578,Brasília,DF
706a8e9b,81189d40-282,98984,Salvador,BA
dacee848,8a035da1-79b,16863,Campinas,SP
b9fd09c5,96e7596b-4f8,18639,Salvador,BA
96f5d311,4ab9d69c-4a7,22387,Salvador,BA
0543041b,825ab99f-638,98916,Recife,PE
08fad7d8,2f74407c-5b6,47243,Brasília,DF
2152c71b,56eb0519-a71,96057,Porto Alegre,RS
3ffb74e7,3da9c25f-b3f,29709,Campinas,SP
da96e5f5,41dee686-94e,20682,Salvador,BA
8ad3b61b,5f7e6a7e-801,96980,Campinas,SP
3598c986,b8178252-8a2,55851,Belo Horizonte,MG
8d15410c,e1593995-fb4,95990,Porto Alegre,RS
666f2e1c,ab538071-ade,26901,Brasília,DF
eaaf20c9,05fcd72b-382,21104,Campinas,SP
4aa727fc,422c2d9f-6b5,83259,Porto Alegre,RS
033e1561,809094f5-011,94343,Brasília,DF
1f271df2,624c0239-f95,26750,Salvador,BA
05df95e3,cf3bd411-0e3,22249,Recife,PE
570ce141,049910a9-22f,76648,Brasília,DF
4c505778,1462dcaf-02b,12389,Salvador,BA
181085e5,4f6ae82f-81b,50483,Salvador,BA
e1cc2aea,fdbd5a1d-b80,38074,Belo Horizonte,MG
6516653f,d858b232-978,73736,Salvador,BA
41299692,c2ab9123-eeb,39693,Curitiba,PR
01edc82f,91821d99-e0b,30308,Belo Horizonte,MG
ac5ec2a3,78bfa781-a37,48770,Rio de Janeiro,RJ
88e6fdca,16c48311-f28,76543,Rio de Janeiro,RJ
8c621a78,737da76e-4bd,79013,Recife,PE
cb55c8b7,3487842f-e94,96760,São Paulo,SP
e2c0fc8a,b17e7a21-fa6,91006,Salvador,BA
b8b9f31f,da6e6eb0-097,88282,Belo Horizonte,MG
e4a265a6,ae6fed91-21f,30218,Brasília,DF
110ef9e6,18b8021c-579,33703,Belo Horizonte,MG
f94b97f5,66f5c46b-f5b,31697,Campinas,SP
f3362ca7,12c06c34-e8e,15726,Fortaleza,CE
48011d87,e2c6eeb7-903,57749,Brasília,DF
bce966e5,ecf8542b-14e,68222,Curitiba,PR
e920157c,f94c5620-9c7,47346,Campinas,SP
2666541a,8be52b03-64d,40671,Fortaleza,CE
50015916,6a1a4012-58b,41348,Recife,PE
c403b89e,c407571e-a3e,71474,Porto Alegre,RS
4ea30b9a,c267fa5c-ba7,58213,Curitiba,PR
6ea08a21,d9b2c8bc-0aa,67749,Campinas,SP
1d00a8bf,f32805fb-937,46932,Fortaleza,CE
3abf6e20,b48d1c24-f08,75916,Brasília,DF
5d032604,99b6279f-09c,64874,Recife,PE
204b32cd,66963b27-a23,36174,Belo Horizonte,MG
7924c6f1,3f4e2556-7dd,28140,Campinas,SP
b9fa2634,0c7fbf08-eba,16839,Porto Alegre,RS
6216346b,b06aebaa-067,58655,Fortaleza,CE
464348d5,222940f2-71a,23446,Recife,PE
191f09d3,4e0c504c-378,26341,Recife,PE
d411393f,2dd3553a-7b8,20993,Porto Alegre,RS
3535e4bf,c7c7949e-d86,45755,Belo Horizonte,MG
c61bf159,5d5c5b43-088,77286,Fortaleza,CE
690b81a8,92b2b079-7e2,67340,Belo Horizonte,MG
dbe54014,f1c8efea-56a,39102,Rio de Janeiro,RJ
01b229c3,3883ee39-b06,55820,Fortaleza,CE
78719234,6955ea32-465,64381,São Paulo,SP
61ca2f79,ffb3c8e7-4d8,61964,São Paulo,SP
56b48067,3ea08073-26f,59015,Recife,PE
614b70ce,bc5e3004-e53,60615,Curitiba,PR
3178b7c1,97f23222-f92,59140,Rio de Janeiro,RJ
13195675,e2c6eeb7-903,13694,Curitiba,PR
45105c89,1da23cb2-00b,22987,Salvador,BA
e7511260,0aec05bd-035,29142,Salvador,BA
44b91a2f,134eaec0-929,15020,Belo Horizonte,MG
437602f6,58b9bac9-fab,71925,Porto Alegre,RS
aeec023a,754a221b-647,71487,Belo Horizonte,MG
6a59b1c7,36e4c80f-97d,90654,Fortaleza,CE
747c759d,345464fc-3a2,20384,São Paulo,SP
80a8d59b,51455668-65d,43544,São Paulo,SP
c6d2cf7a,1ee85633-e9e,29597,Curitiba,PR
4d4d9779,4b5f0c66-da4,89807,Recife,PE
372a0fa7,5731778d-59c,65476,Recife,PE
32badae5,b0c393e4-c31,47762,Rio de Janeiro,RJ
45d28416,25a29845-ade,49472,Curitiba,PR
22cc2120,331461d5-4f2,16258,Rio de Janeiro,RJ
0cc348a1,0912ab38-cd8,65027,Curitiba,PR
f6ad384c,ce99a4a0-058,69914,Campinas,SP
00554b3e,63fd87a4-2c0,24530,Rio de Janeiro,RJ
def78bf7,57ed75fd-f9f,88215,Fortaleza,CE
efca9221,174b0b72-390,12154,Recife,PE
57d790cd,6d7e8af6-496,85372,Recife,PE
60108b01,6d9329e8-d86,28818,Curitiba,PR
dc585ecf,91821d99-e0b,66261,Porto Alegre,RS
671df39f,5dbe4e68-5b1,90584,São Paulo,SP
29e32549,2d4284b9-120,41531,Salvador,BA
5afc9d43,a4e54c86-3f6,64600,Campinas,SP
784bc38d,f271c232-f91,97080,Belo Horizonte,MG
6632321f,228b628c-3a1,78614,Rio de Janeiro,RJ
2ffe7b43,ce377b2b-19c,18870,Salvador,BA
ef7d6801,49547057-307,81313,Recife,PE
7a6a135c,41c7a618-3f0,76535,Recife,PE
5f9f2274,3b66f6ec-cf3,12665,Recife,PE
6bec2da1,835aac07-ffd,71621,Brasília,DF
b4e6d925,9df4ab35-48c,93318,São Paulo,SP
a9add77a,e24d9a15-b23,58929,Brasília,DF
bdd4ff59,8f1d0cdd-8cf,12128,Porto Alegre,RS
366a3c5a,9df4ab35-48c,18855,Salvador,BA
d6b1b58c,16c48311-f28,41604,Salvador,BA
d0291993,46243129-f0d,86271,Rio de Janeiro,RJ
654a84ff,345464fc-3a2,27486,Salvador,BA
10dea9dd,9487c73c-09a,56176,São Paulo,SP
29f8a9dc,f6fcedfd-6b6,54374,Recife,PE
a666d044,95432a5e-cf4,99742,Belo Horizonte,MG
b00a0181,ada39554-71d,72722,Fortaleza,CE
adf780cd,4446a2fe-89e,27675,Belo Horizonte,MG
52318cf8,986cb388-09a,69988,Rio de Janeiro,RJ
6201a9fd,075a3001-905,48462,São Paulo,SP
e1735c49,44703f77-b97,15741,Curitiba,PR
93f73236,4c27ba7e-abf,15492,Curitiba,PR
5244dbf1,75ad2dc6-6c9,50642,Salvador,BA
aa57d8fd,d503da2e-c0d,62196,Recife,PE
86274aa3,fa5876c7-930,72049,Recife,PE
b0e6c331,b71f97b4-1a4,14799,Porto Alegre,RS
5e55263b,423bbd96-00d,47501,Curitiba,PR
81f3d0fc,9703595a-625,16265,Salvador,BA
b26b7602,99b6279f-09c,45811,Salvador,BA
fd96217b,96e7596b-4f8,58237,Rio de Janeiro,RJ
b6394c16,e8bf1975-afc,62431,Brasília,DF
7d7b42b4,c4ae811c-4dd,60678,Fortaleza,CE
03cb68e2,c20d9fbe-be0,34486,Salvador,BA
f3698204,b45cf789-29b,75211,Fortaleza,CE
494ae306,07bcab41-88d,78062,Salvador,BA
d1aad680,1de56b2a-c1c,20828,Porto Alegre,RS
bec4227f,9d99d7df-d85,20345,Brasília,DF
20e6cbc9,899e27ac-565,88964,Brasília,DF
1be97173,3244bdf5-844,81496,Belo Horizonte,MG
d8679b37,2dd3553a-7b8,52101,Porto Alegre,RS
f2b3e39d,01a44248-ec8,20494,Rio de Janeiro,RJ
57e66981,43e32878-e50,96628,Salvador,BA
82e633b8,6bccc7e5-bdb,50173,Porto Alegre,RS
d72f8123,9faa109a-e84,88986,Fortaleza,CE
0d4e131b,95432a5e-cf4,31842,Brasília,DF
eb76c00d,b8405612-abe,56077,Fortaleza,CE
34e341f1,62aceb2c-510,15551,Fortaleza,CE
ebf42e94,bc5e3004-e53,90589,Salvador,BA
e1b92e4d,88d70422-eb5,45986,Brasília,DF
1126f90f,52699f63-df2,19835,São Paulo,SP
59affd1e,16f371d9-7b9,57619,Brasília,DF
20119073,db7e076b-dad,99051,Recife,PE
8977be52,1335145d-730,14081,Belo Horizonte,MG
5586b175,e600e02e-140,89635,Belo Horizonte,MG
05c21836,f5b856e0-e63,14561,Fortaleza,CE
5967841b,a1250b1d-9a3,18812,Belo Horizonte,MG
2e187c84,11afdab1-f74,94562,Curitiba,PR
774792e7,f5470842-248,57467,Salvador,BA
56bafb96,abbe1403-a48,84349,Brasília,DF
d3298d0b,07a3755c-318,89310,São Paulo,SP
cc2c0f15,4d9c2fb4-ce0,99006,Belo Horizonte,MG
ca75fdc2,75a9e8e3-88f,58623,Fortaleza,CE
959290b6,ae89b7b1-8d2,68188,Salvador,BA
c2402b8f,e07311da-ed8,85225,Rio de Janeiro,RJ
2725a577,ee065984-e68,79397,Belo Horizonte,MG
781732e8,920cdfb9-ad2,62171,Salvador,BA
7cd6b918,6bc9b09d-77d,95139,Salvador,BA
5bd4193c,2c9e5955-61f,42717,Porto Alegre,RS
bcb22d0d,ab50b0af-b9c,13396,Rio de Janeiro,RJ
21c96885,c357cdfd-d5a,75410,Belo Horizonte,MG
5a3bb68a,ee065984-e68,60723,Recife,PE
97a5f6ce,d690aae7-2ac,25435,Recife,PE
d7836bde,71864a38-887,44116,Porto Alegre,RS
fe5bb0bf,55513f65-584,38124,Fortaleza,CE
a4c2c305,f224285c-ac6,47431,Campinas,SP
1a9773d6,7f4fcf01-119,36237,Fortaleza,CE
6a760e17,95432a5e-cf4,27790,Rio de Janeiro,RJ
6fb9cd07,93c7d1d1-5c4,69250,Rio de Janeiro,RJ
86fbe88a,509998c0-452,68341,Belo Horizonte,MG
f08fbc20,50886164-a61,99381,Rio de Janeiro,RJ
659347a5,64df45f8-e32,97535,Salvador,BA
b0c9fb7d,37e75a95-e26,18511,Salvador,BA
7883ffae,64df45f8-e32,81063,Recife,PE
e287b52e,c67fc1fe-e83,49315,Porto Alegre,RS
89db3cd1,40b50479-f2d,93584,Belo Horizonte,MG
0c693410,baf8ae67-b21,57381,Belo Horizonte,MG
67e80b46,715cae17-26a,39391,Recife,PE
c5483eac,41469823-1bb,36342,Rio de Janeiro,RJ
fc2536ed,2b566e8d-68c,41029,Belo Horizonte,MG
92a72f84,f5a0665e-246,13445,Fortaleza,CE
804bd5da,496e0129-e9b,82616,Salvador,BA
77742b93,17c2d146-0a2,58353,Campinas,SP
950fe1ed,e853f2c8-4bc,82305,Fortaleza,CE
cecd1a2e,185df979-559,90209,Belo Horizonte,MG
10a6c8a8,22cc68dd-619,18617,Rio de Janeiro,RJ
c6db506e,0f445088-142,62187,Porto Alegre,RS
138b8bdd,12413d17-888,78903,Fortaleza,CE
15fa7912,38aa823b-529,63665,Brasília,DF
eef90944,3ee6dee9-1a3,19666,Campinas,SP
6e8b89a7,8c1ccb75-8c4,51553,Belo Horizonte,MG
0937291b,40b50479-f2d,68979,Rio de Janeiro,RJ
5a24ac91,e9546f13-e5c,99143,Fortaleza,CE
b8316a60,d1d21759-768,55156,Recife,PE
b1d685f9,7605c97a-4d6,82260,Belo Horizonte,MG
2be20cab,1ee85633-e9e,33850,Campinas,SP
b88f8425,3a5e50e4-8f0,66704,Belo Horizonte,MG
d1eb230f,55513f65-584,17263,Recife,PE
0a8cfce0,9dc7177b-4ed,77908,Rio de Janeiro,RJ
1b4266f1,1fd0f13d-4a7,49862,Belo Horizonte,MG
5d5a72b7,ab8f6a21-d71,31229,Belo Horizonte,MG
b24fa311,47bb9a15-8ae,39552,Salvador,BA
5161a228,a518111e-35a,78012,Salvador,BA
18864b02,2c303d02-0ed,20336,Porto Alegre,RS
6b8b8237,125cec49-32e,35729,Porto Alegre,RS
c019528b,142903bb-012,45972,Recife,PE
b75e9d5c,c77f1671-651,91922,Belo Horizonte,MG
e23faf2c,f3c58d18-6d4,90534,Porto Alegre,RS
3e639a45,01f8f746-a9b,22245,Recife,PE
88e0d0b9,48a3e742-d92,94015,Recife,PE
b0b17589,12dbcbba-bc1,87569,Belo Horizonte,MG
a7f7e642,f224285c-ac6,30210,Campinas,SP
0d9ce242,06b7de16-2bb,96341,Belo Horizonte,MG
420b8881,7a5abb3b-33d,89316,Campinas,SP
3a651cae,c267fa5c-ba7,83874,Salvador,BA
36e965f3,920cdfb9-ad2,13718,São Paulo,SP
819548a5,65479666-b04,15958,Rio de Janeiro,RJ
9aeddef8,f9bb49c1-987,44688,Campinas,SP
8265fc3b,9515378f-945,84991,Curitiba,PR
d71093c2,cd6e64e0-9d0,91016,Brasília,DF
137c035b,28be21f9-028,75278,São Paulo,SP
608046a9,e0d0c692-309,47967,Recife,PE
2f9366f3,eff8744b-6a5,73300,Porto Alegre,RS
3ed16c36,6bccc7e5-bdb,99783,Curitiba,PR
8d237443,7c9cb59d-489,48985,Brasília,DF
b61f73dd,e1c17c6c-a3f,19564,Fortaleza,CE
6ae99b9a,53bd6efe-23a,30719,São Paulo,SP
0a8ff198,0d97e815-23b,64476,Fortaleza,CE
1f831bb4,86915108-e5f,70875,Fortaleza,CE
3247c0c8,39e6a066-155,54589,Curitiba,PR
6c718531,be44e819-f35,28830,Campinas,SP
3df00e99,655d91e7-6d3,51853,Salvador,BA
13f7963d,46169a09-8c5,62260,Salvador,BA
25e1595d,22cc68dd-619,58567,Belo Horizonte,MG
39f773ff,1a6deb5b-c09,83616,Recife,PE
83b38697,0771ef32-38f,51827,Rio de Janeiro,RJ
c7ce152a,724a9f6c-8f4,71141,Curitiba,PR
5bc15d50,8e77d69f-18e,45058,Rio de Janeiro,RJ
a6b21703,11fa1118-24e,42495,Fortaleza,CE
fa41f92a,45e56265-abf,22689,Belo Horizonte,MG
3c6ebf2a,d14c2b88-685,48038,São Paulo,SP
6c81acdf,5586876a-02b,90658,Brasília,DF
c5613c06,2d196b90-14b,42541,Brasília,DF
e72039b9,7870f010-d21,52917,Belo Horizonte,MG
1f7df529,18b37849-10f,50988,Campinas,SP
a90a5984,8d5928af-c9a,30885,Curitiba,PR
13e9ec2e,c6347284-609,77466,Fortaleza,CE
c7481219,78d61d13-f33,75373,Fortaleza,CE
841f704d,444df625-5ee,75191,Porto Alegre,RS
0d48b722,ee7b51f1-dfa,21802,São Paulo,SP
873abb6a,4a8bed1f-630,76249,Brasília,DF
3c06fe94,08d111a7-93c,41552,Fortaleza,CE
3d3a9cd2,40f96468-6d1,86460,Curitiba,PR
1033f6f4,b1498389-de2,16377,Salvador,BA
33856af1,0d935c6f-f11,46877,São Paulo,SP
d97b58d9,599a8186-76a,88317,Fortaleza,CE
a15098d5,20193ba0-f7b,47453,Fortaleza,CE
ceaeec37,2bc6bd07-07d,11071,Recife,PE
3bbda289,7bc4ff7b-156,66482,Rio de Janeiro,RJ
3678164c,6b398729-fc7,44664,Belo Horizonte,MG
d5020200,3ea08073-26f,62855,Salvador,BA
f1c9546a,d1b0425a-1c6,15930,Salvador,BA
380c0fb2,d963b56a-dfe,16705,Brasília,DF
90f8a981,786a4f71-30d,83638,Campinas,SP
bc8d37ed,6fc8ba62-108,57516,Curitiba,PR
30f8b988,a4cf4587-bc4,47827,Recife,PE
0247a691,6c8608b7-231,60639,Rio de Janeiro,RJ
a13ba73e,c55315db-5a9,69028,Recife,PE
7e7329cc,28be21f9-028,46663,Recife,PE
6dd7cde5,b06aebaa-067,99181,Campinas,SP
a805bcce,e410d653-00e,25572,Campinas,SP
26a7b29b,01c80bd1-b03,22672,Belo Horizonte,MG
5a34b388,b77e50e7-7ca,58915,Brasília,DF
3042127f,786a4f71-30d,83116,Salvador,BA
0bff353b,29d1410d-888,28909,Salvador,BA
623a40a6,a2bc4607-42c,88966,Curitiba,PR
29cde9c1,84248915-c38,62610,Recife,PE
de2429a2,1fc3a8a4-54d,15276,Recife,PE
b5c51d9e,bc104d37-ca3,15100,São Paulo,SP
8aed46e5,3e307973-1d8,53652,Belo Horizonte,MG
9f83c16e,e8ccb290-7ea,78069,Fortaleza,CE
85686a97,5a07a34f-062,29521,Fortaleza,CE
71179102,8a124772-148,77568,Campinas,SP
e66b272c,cd7f287e-bd8,52987,Belo Horizonte,MG
b0aca43e,28be21f9-028,51750,Campinas,SP
22afd2cf,894e1ee4-106,61505,Belo Horizonte,MG
a9147a11,0fe20767-9ef,49221,Campinas,SP
f67dc5fe,c6347284-609,54089,Campinas,SP
dbb46f5c,99c08478-169,76809,Recife,PE
bd7fd680,86ed6861-75e,74205,Recife,PE
1bb132c6,91015b40-fee,49294,Campinas,SP
b91d73e4,228b628c-3a1,12180,Fortaleza,CE
12cb464a,52699f63-df2,53416,Salvador,BA
b6c75d91,40f2a3a8-f3f,64596,Rio de Janeiro,RJ
23692e04,a4eafe19-195,50327,Campinas,SP
0824d726,b4d495d6-619,88238,São Paulo,SP
67a2cbc7,ce99a4a0-058,44803,Fortaleza,CE
8ebe246d,65b661c4-dff,85711,Campinas,SP
c8ba52e1,afe05953-9f4,16731,Curitiba,PR
8e0d40b7,317844bd-080,72973,Campinas,SP
b893b1c1,3162ae5f-78d,78712,Belo Horizonte,MG
049469e9,891a3571-6de,59832,Campinas,SP
9220bfb6,e1e39ca6-193,99224,Belo Horizonte,MG
73bc708d,634ce232-931,14138,Curitiba,PR
7dbb44eb,c9f57eb6-5e6,24404,Campinas,SP
a18d137b,57ed75fd-f9f,12482,Curitiba,PR
fd10b577,d49c39ad-52e,51116,Fortaleza,CE
ea185435,f6f23b58-9d6,29848,Brasília,DF
709a6519,db1956f6-396,36724,Brasília,DF
c24f5b76,6012c595-63d,75774,Brasília,DF
48e771df,dd730a25-c47,71814,Campinas,SP
8f1a0f09,010be2ed-0e6,28098,São Paulo,SP
0d8abd39,a6cf04d3-5bc,37176,Recife,PE
f7848e09,dba0c4ac-575,52604,Recife,PE
c4f20f74,339f59d0-e5e,78875,Fortaleza,CE
5ed65c3f,44703f77-b97,51124,Brasília,DF
40542a0b,63fd87a4-2c0,70249,Belo Horizonte,MG
ad4c59c5,ae76677f-372,54869,Recife,PE
cef22069,b9d450e0-418,56437,Recife,PE
d1ba71fb,f5a0665e-246,89963,Porto Alegre,RS
70bb53c6,aeec6e43-91b,35200,Fortaleza,CE
7d6f29ee,661a016c-6b7,46569,Curitiba,PR
4a8db9a7,1a81987f-0dd,49124,Recife,PE
b7451573,1b824515-a7a,49008,Curitiba,PR
eabc43c0,6c0b6d67-b28,37168,Porto Alegre,RS
dc43fe81,f55865a9-50e,51555,Fortaleza,CE
fba83013,f6fcedfd-6b6,55718,Fortaleza,CE
f9577a55,165b718f-025,45842,Recife,PE
786e6800,98d27628-b45,25974,Porto Alegre,RS
1ded7fa7,5e679619-b6b,98686,Campinas,SP
b54d5fcd,9aa92bd0-f90,59767,Recife,PE
bf04e246,a2bc4607-42c,55237,Brasília,DF
a7743fa5,75ad2dc6-6c9,48070,Belo Horizonte,MG
e682d5a9,ab8f6a21-d71,47700,São Paulo,SP
53a2612c,dee117a4-4ea,55398,Rio de Janeiro,RJ
687444f4,c5147758-700,95979,Fortaleza,CE
7b1df443,4e279420-d48,72793,Porto Alegre,RS
27c2dd2c,86ed6861-75e,36485,Curitiba,PR
3d513c6c,9fdeca06-94e,45537,Recife,PE
027c3e00,d3985ff9-73d,45601,Recife,PE
9f456e7f,18d355de-b68,24316,Belo Horizonte,MG
bac9e4e3,080fb4fd-b9c,86917,Campinas,SP
f471d360,377f7116-c3c,41779,Curitiba,PR
d92c7bc0,bb58cce1-307,97796,São Paulo,SP
ad48725c,689985e2-98e,39579,Recife,PE
28658509,9ee08ec8-83b,16880,Curitiba,PR
7e5b5ef4,20193ba0-f7b,64172,Rio de Janeiro,RJ
893438a6,7fde0b4f-a49,71918,Salvador,BA
39ec8305,6103a0b3-e2e,99285,Rio de Janeiro,RJ
4b13c319,1fd0f13d-4a7,10679,Belo Horizonte,MG
160a0e4e,a0fdca1a-924,30701,Recife,PE
96acb3fb,3a4fa7f6-d15,95575,Brasília,DF
915f8bf7,bf955f5b-767,72580,Fortaleza,CE
47a5974e,12dbcbba-bc1,47649,Curitiba,PR
e2dd6cda,1395c9c4-223,47409,Salvador,BA
6f988726,21b4ab83-c5b,21725,São Paulo,SP
0881549d,01f8f746-a9b,40437,Campinas,SP
1cedae8f,629ebb4b-3d7,14888,Recife,PE
f82f3765,88ce4977-657,64773,Belo Horizonte,MG
dea7a4d1,570d5f19-bb4,14763,Belo Horizonte,MG
2a59ced2,97cdadf3-b78,74930,Brasília,DF
96aada91,8796ece0-cc7,47941,Belo Horizonte,MG
f4df87be,71da02b2-3d3,11214,São Paulo,SP
ea8425bf,6b5ee021-36e,84443,Porto Alegre,RS
a6b6c875,e8dbbebe-a34,24064,Campinas,SP
93f7a6b8,91821d99-e0b,47298,Salvador,BA
597a944f,671487d6-bd2,94058,Fortaleza,CE
cae04052,109e1ec7-723,78723,Recife,PE
db0b4ccb,b9a21e50-c43,27589,Fortaleza,CE
20c70c16,12c7bc6b-31e,71344,Recife,PE
21fff347,df5d5219-51f,35272,Porto Alegre,RS
d558cc45,529d302b-9a6,53343,Rio de Janeiro,RJ
11713470,7e820583-70c,70150,Belo Horizonte,MG
8510f3e4,c30b6657-1e0,34405,Porto Alegre,RS
678818d2,dba16a29-bea,54185,São Paulo,SP
e77d3d5b,8af66c6b-dfe,84420,Porto Alegre,RS
f6835a07,e1593995-fb4,33002,Curitiba,PR
bafd02f5,52b2256c-c01,93719,Campinas,SP
8ed80b33,34d12ea3-76c,66059,Brasília,DF
a09bf7ba,dfc40d24-67a,52982,Recife,PE
11f7f893,2999d0fc-903,62538,Rio de Janeiro,RJ
0ec1e1f9,d938f2d9-dc6,34219,Rio de Janeiro,RJ
ad18a686,55513f65-584,72580,Belo Horizonte,MG
6446b465,5f7e6a7e-801,42512,Salvador,BA
bdfb9865,aec62290-d55,44181,São Paulo,SP
0002b17b,b4479b64-05e,40870,Brasília,DF
91e5049e,0aec05bd-035,44995,Fortaleza,CE
03533e45,81b44b08-51b,49576,Salvador,BA
1de0562d,e9546f13-e5c,85088,Campinas,SP
bd848711,669d9b0d-bbd,44282,São Paulo,SP
c41c121e,bcb4de78-fb9,40972,Salvador,BA
301dbeb0,634ce232-931,97528,São Paulo,SP
1f82aea3,6fc8ba62-108,71000,Rio de Janeiro,RJ
394cd650,835aac07-ffd,30934,Porto Alegre,RS
1d109868,707cdfc9-1e1,99925,Brasília,DF
e86f64c2,28be21f9-028,50760,Recife,PE
06a23b3e,26d3b3a8-81e,93717,Rio de Janeiro,RJ
ce3fd79c,fb35ad68-050,58174,Porto Alegre,RS
6cc0eeea,4b5f0c66-da4,38947,Campinas,SP
42d19df1,f09991eb-217,27507,Curitiba,PR
d1058f59,5162bbc7-82c,30078,Fortaleza,CE
323e6aaf,1a6deb5b-c09,89395,Fortaleza,CE
d21aeb44,4e7cef5b-e9b,64505,Salvador,BA
3bdc5f45,46e2b112-c2b,71712,Recife,PE
7866c45d,1c18a2a1-7fc,97044,Recife,PE
1af968f2,634ce232-931,42435,Curitiba,PR
1444c49c,b0c393e4-c31,20730,Campinas,SP
28009acc,50886164-a61,68556,Recife,PE
2958c5b6,40b50479-f2d,57419,Recife,PE
ee246dc9,95889b09-295,83946,Rio de Janeiro,RJ
c278732f,661a016c-6b7,18094,Rio de Janeiro,RJ
2d29dc90,4e7cef5b-e9b,76255,Recife,PE
3b581395,8180219b-bb7,85065,Curitiba,PR
9af8f8ac,443c8365-657,29641,Recife,PE
50e105ab,4ab650b6-e26,53007,Belo Horizonte,MG
c5168d59,18aa6691-252,67912,Recife,PE
faa106fe,958d14ce-d53,99167,Rio de Janeiro,RJ
e80532ff,27def4ad-681,86434,Curitiba,PR
e2f85767,6ec87a5a-1e5,21919,Fortaleza,CE
df0e74a4,c357cdfd-d5a,68390,Recife,PE
98ac2436,1a6deb5b-c09,69432,São Paulo,SP
12051bfb,81189d40-282,77272,Belo Horizonte,MG
630bd170,1390dc63-87f,69873,Brasília,DF
f810f0b2,dfe99a4e-594,17567,Campinas,SP
28786b3a,07be4ece-4a6,70604,Recife,PE
087c113f,01f66589-7f2,12853,Porto Alegre,RS
b61a1aa6,201bb05f-328,43352,Brasília,DF
95037f51,0f445088-142,38560,São Paulo,SP
5a1c3693,664dc9cf-11e,19572,Campinas,SP
cdb1c6fc,afe05953-9f4,65534,São Paulo,SP
30e237f9,8220448e-eaf,18357,Salvador,BA
353a5a76,8c1ccb75-8c4,17897,Recife,PE
ad7970fc,9110446b-c40,71875,Rio de Janeiro,RJ
9d5ce81c,f9bb49c1-987,47629,São Paulo,SP
9397f9ba,3e290bfb-31e,33590,Brasília,DF
8710069d,ebb0429f-9d2,94085,Belo Horizonte,MG
f12cdf05,16cd3a0d-85f,59081,Brasília,DF
0e4f4587,fc290e3a-49d,68790,Brasília,DF
5679ffef,dd3edacd-960,59236,Brasília,DF
2315a0cc,130437f6-0a9,99486,Rio de Janeiro,RJ
1661c15e,f63aa9c4-73b,27431,Recife,PE
89acb427,85dd3774-9ba,25549,Salvador,BA
e44e3813,33822758-339,80419,Belo Horizonte,MG
1229a8a0,6103a0b3-e2e,79316,Brasília,DF
c18b33c7,080fb4fd-b9c,39188,Belo Horizonte,MG
a6b2d115,98bfa19c-513,12979,São Paulo,SP
037c75b1,43e32878-e50,70686,Porto Alegre,RS
079590a8,e5a36025-d77,65591,Recife,PE
14bd9191,b7f58a5a-006,59712,Recife,PE
439d72d9,165b718f-025,42441,Curitiba,PR
f21d911a,c0b99c9a-b36,55371,Fortaleza,CE
fe3d5a61,7a5abb3b-33d,46129,Belo Horizonte,MG
c39fabce,e11488a2-5e1,24790,Curitiba,PR
78895a9a,9eb76b42-d2a,96533,São Paulo,SP
57e9d958,638dea35-bd2,90599,Brasília,DF
d9d151c4,682c4daa-bce,41544,São Paulo,SP
311f4558,f1cd8397-073,18819,Curitiba,PR
a3147a4f,c7f964b7-b9f,87849,Rio de Janeiro,RJ
72eff22e,2bc6bd07-07d,68515,São Paulo,SP
5e423085,14188b5a-e83,98083,Campinas,SP
663fa794,f3c58d18-6d4,42077,São Paulo,SP
f4dd053a,ee7b51f1-dfa,62725,São Paulo,SP
f7b06289,b8fcc2e9-002,40715,Fortaleza,CE
5fb642d4,f5b856e0-e63,38477,Recife,PE
3fb28e32,46243129-f0d,28367,São Paulo,SP
f2441d19,bf5f08de-90d,47914,Recife,PE
d120ba31,97cdadf3-b78,85511,Curitiba,PR
cc7a88d2,c0a5b1fe-b69,85690,Salvador,BA
c9389d9a,b17e7a21-fa6,98150,Campinas,SP
cf08e4b6,9d99d7df-d85,41051,Salvador,BA
1ff9acb2,dd5f56fd-1ec,28777,Porto Alegre,RS
b2490dd0,87250110-f34,38972,Recife,PE
b1a468b1,6b9c55e0-6b0,49387,Brasília,DF
06ed2fed,35b5679b-3eb,17989,Porto Alegre,RS
6dff10df,10211164-7ca,87550,Recife,PE
ad9e4f01,6030ea36-d5b,92050,Belo Horizonte,MG
550e606f,26f25f1e-ff2,82856,Brasília,DF
5b4d302d,048f0b87-1c8,16145,Fortaleza,CE
3872ece8,81b44b08-51b,94320,Salvador,BA
57599ec2,870a0a92-2e3,78742,Brasília,DF
9471e485,8b78eed1-2f0,64568,Salvador,BA
47808b94,ad099dd2-08c,29558,Brasília,DF
fa50d2b3,5703ecc5-6ab,59343,Porto Alegre,RS
af121c81,2f054d22-a67,80507,Belo Horizonte,MG
a070838e,55088adc-a55,41584,Fortaleza,CE
e6031c0e,36e4c778-9ea,49418,Curitiba,PR
17761198,a0052d4f-730,70689,Belo Horizonte,MG
5f311807,e9896665-77f,83713,São Paulo,SP
752ffcee,724a9f6c-8f4,64592,Brasília,DF
747e9d79,be7c904b-c0f,79467,Recife,PE
d00413e4,1fd755b0-61d,60910,Belo Horizonte,MG
b9ea0ab7,2df00111-86b,43422,Curitiba,PR
a7e033c4,0c342a24-d3d,53288,Curitiba,PR
f1db5cef,b2945e9b-596,68954,Rio de Janeiro,RJ
0aae07b6,e9896665-77f,22119,Salvador,BA
fc4781cc,d14c2b88-685,34966,Recife,PE
b6224141,15bd3a02-2d6,45187,São Paulo,SP
42861e95,97558fa1-870,98299,Brasília,DF
4c84252b,c2a3c436-4a0,89026,Campinas,SP
69ae1c93,ea76ddd1-623,19539,São Paulo,SP
68600fef,126df75d-296,87015,Curitiba,PR
3871b95e,c21e3ead-a11,38444,Recife,PE
b4cab618,177b41e9-235,37379,Fortaleza,CE
45123128,130437f6-0a9,49739,Salvador,BA
e2181490,a4755f81-fd3,37762,São Paulo,SP
4aada425,382e93f1-0eb,25376,Curitiba,PR
cd5a2089,548e3a38-10d,41797,Fortaleza,CE
01ae29d6,232bb0cc-0c6,36805,Campinas,SP
2b26291c,595b3fe4-d2c,41369,Brasília,DF
26a7ebbc,2ee1e70e-9c8,52154,Recife,PE
a460402e,eca64685-e2c,59894,Porto Alegre,RS
5f85b8be,a3b45ef4-544,79946,Fortaleza,CE
1a27565e,c7c14b03-c1d,50425,Salvador,BA
02e06f94,0d75f9c7-7d2,57139,Porto Alegre,RS
90a42c95,24bb49c4-160,75179,Recife,PE
7eb3066f,f64e3ccb-fae,22924,Fortaleza,CE
271648ce,b90eeeeb-a47,51973,Fortaleza,CE
0d3157a1,1c90bf0e-8f6,58589,Curitiba,PR
9b2020b4,4b1ca49d-408,64254,Salvador,BA
ce7d5b66,79f13812-30c,83731,São Paulo,SP
220d8c84,6806910d-d31,29126,Curitiba,PR
bf52fef6,e7b477a4-370,44180,São Paulo,SP
01f097b4,52e3f6c6-19c,86550,Recife,PE
fe030422,452d59a7-2ac,64732,Campinas,SP
bbf33662,1da23cb2-00b,29976,Porto Alegre,RS
fa7350b0,5fe24a07-996,53236,Curitiba,PR
3f2ce00e,bd56fb49-af7,59786,Curitiba,PR
8262113b,39de5832-a6e,42208,Campinas,SP
aea358ee,32396897-d1b,82173,Fortaleza,CE
63cce72c,7f4fcf01-119,43728,Salvador,BA
bdf6c75b,a1250b1d-9a3,94108,Fortaleza,CE
c401460d,75a61c25-417,70401,Fortaleza,CE
4363085a,e385c5c5-c9f,56160,Belo Horizonte,MG
2328f8e4,c334a606-9da,28344,Belo Horizonte,MG
3d701260,f2ac15f5-e26,74004,Recife,PE
557f31de,8662a4cb-a50,81058,Belo Horizonte,MG
2458d228,4628e25b-42e,78674,São Paulo,SP
59d46dda,04f0aa0c-a1f,19742,São Paulo,SP
ebb4338a,1992067a-e18,10836,São Paulo,SP
29dea18c,caff9fbe-bc1,28021,Brasília,DF
bc1136b9,d9d03163-043,18908,Curitiba,PR
7d10c734,8e77d69f-18e,11198,Belo Horizonte,MG
2b3f794c,378da383-4e4,76287,Curitiba,PR
d6d033a3,414669e6-aa1,58916,Fortaleza,CE
69d9db29,337de349-4fb,90980,São Paulo,SP
305257ed,11fa1118-24e,73334,Campinas,SP
0a7aeaf7,bc8bfb26-486,12061,Fortaleza,CE
73aa702e,45fb1482-f7a,79758,São Paulo,SP
3a5a43a2,8f1d0cdd-8cf,63914,Recife,PE
20a4033b,e6440f99-0c7,12192,São Paulo,SP
7413be7b,6b398729-fc7,46010,Recife,PE
32812e08,4ab650b6-e26,47576,Recife,PE
8e0ccaf9,653f291e-bb3,75826,São Paulo,SP
8a88c51e,d9c2b73b-ce6,33496,Brasília,DF
4b139e9a,ae89b7b1-8d2,22624,Rio de Janeiro,RJ
c58330b1,336d0482-766,29516,Recife,PE
ee0d1fb9,e2c6eeb7-903,35156,Curitiba,PR
23674bc7,5822d11b-0b7,79003,Campinas,SP
fbee3c03,17755196-ba3,56457,Porto Alegre,RS
e2cc81f8,f224285c-ac6,62022,Porto Alegre,RS
baf1bec9,463d6489-407,58896,Rio de Janeiro,RJ
2f9b3593,a066ff31-a4e,70161,Brasília,DF
a9e939cf,b085b00c-5f5,41877,Campinas,SP
5c6548a9,126d4b1a-de2,49318,Curitiba,PR
1f4998c2,3244bdf5-844,95686,Rio de Janeiro,RJ
766d2be1,8497ac7c-4d0,22255,São Paulo,SP
193bd1a3,377f7116-c3c,59710,Brasília,DF
576efc14,4d4ea0ac-a0c,82443,Brasília,DF
136f6fe1,3487842f-e94,17355,Fortaleza,CE
6d2d3c4b,849a26d3-74b,32463,São Paulo,SP
01602d5c,68e36e96-650,75517,Rio de Janeiro,RJ
a0031bf0,516d0a9c-76a,94529,Brasília,DF
ce1aa80b,942eb1b9-c0f,84167,Salvador,BA
39f59055,849a26d3-74b,79226,Rio de Janeiro,RJ
e5436f79,b7520503-c5c,40115,São Paulo,SP
76f3bcab,ffb3c8e7-4d8,84289,Curitiba,PR
279d1800,201cac2a-2f6,45532,Fortaleza,CE
f98df56c,d387f26c-a99,19744,São Paulo,SP
19b42c94,04fba86b-708,81176,Porto Alegre,RS
3b2c1099,724a9f6c-8f4,96259,Campinas,SP
987f6a97,2d24aaab-b25,33508,São Paulo,SP
615d60c8,f9bb49c1-987,12052,Salvador,BA
eeb7d2e3,fcfe1011-6f1,86943,Curitiba,PR
7bed9060,9faa109a-e84,62205,Belo Horizonte,MG
1e222da9,e0d0c692-309,49226,Rio de Janeiro,RJ
7ea1a48a,ac7c3fd7-05a,83919,Belo Horizonte,MG
629b8bc7,9141dfa0-834,84277,Curitiba,PR
2fbc64cd,f9bb49c1-987,98740,Brasília,DF
72d630d4,cf3bd411-0e3,53480,Recife,PE
62e82380,319a1bd7-088,28343,Brasília,DF
835aec20,8f518daa-105,75639,Rio de Janeiro,RJ
a5b047d2,7bc4ff7b-156,17038,Salvador,BA
09f906dd,df5d5219-51f,67290,Rio de Janeiro,RJ
438e2ef4,4c27ba7e-abf,19963,Curitiba,PR
c1b55e8b,95432a5e-cf4,89320,Salvador,BA
089fae0d,5790f005-c99,88067,Campinas,SP
ed06d20d,dba16a29-bea,52778,Brasília,DF
a0f81048,7bb7000e-b6c,93115,São Paulo,SP
4cabde62,c6347284-609,69054,Porto Alegre,RS
671e25db,e55d65ac-a53,39902,Fortaleza,CE
4213f6be,b6e7a2b2-560,82487,Salvador,BA
6f6c5bdc,2ee1e70e-9c8,66603,Brasília,DF
a0774f97,7e820583-70c,99088,Belo Horizonte,MG
a78a96ba,dcc1385b-41a,96595,Campinas,SP
0cda0f5d,1fc3a8a4-54d,21232,Brasília,DF
826d0131,32396897-d1b,48715,Campinas,SP
0867d1dd,c55315db-5a9,19634,Curitiba,PR
3f19fbfb,8ee100e8-07d,45123,Rio de Janeiro,RJ
1c51e41c,9eb76b42-d2a,59807,Belo Horizonte,MG
3ae79cc8,6d7e8af6-496,61068,Belo Horizonte,MG
fd31f6db,942eb1b9-c0f,57277,Salvador,BA
b2a44275,d65518e0-c1a,21995,Rio de Janeiro,RJ
3f595a6b,b7f58a5a-006,50405,São Paulo,SP
2011a007,e20eee2b-8fa,57175,Fortaleza,CE
defe7a2e,e0ebc254-082,23399,Porto Alegre,RS
dd8db3f3,b5f5981c-945,21442,Belo Horizonte,MG
ebae7f71,24b48a88-2ab,66489,Belo Horizonte,MG
b6afeb9e,c00613c6-246,83005,Fortaleza,CE
32d806fc,6d7e8af6-496,77166,Recife,PE
bcd6e3a2,eac39835-885,23538,Brasília,DF
a3cf2651,712d8695-655,21746,São Paulo,SP
15b7a55a,109e1ec7-723,82642,Salvador,BA
15162c0f,0d935c6f-f11,88240,Rio de Janeiro,RJ
bec67b9b,56264742-884,52523,Campinas,SP
8e211ed1,62aceb2c-510,11617,Brasília,DF
37ad88d1,414669e6-aa1,64238,Porto Alegre,RS
bdb55f80,15bdb076-33e,21101,Brasília,DF
957ec722,497f0b7e-68a,41816,Recife,PE
f4e1bc8a,858c239c-1f8,78302,Campinas,SP
37a38b16,5b1ac7c2-b8b,99825,Belo Horizonte,MG
99e88bc4,516d0a9c-76a,32216,Brasília,DF
0bde4e8c,37e75a95-e26,45247,Belo Horizonte,MG
67332eb5,89bd8667-e52,45180,Porto Alegre,RS
f8b63692,d29f3fdf-08d,29127,Fortaleza,CE
730dfbe3,00fc6f7e-ca0,31916,Rio de Janeiro,RJ
d760a52c,1335145d-730,46170,Brasília,DF
0b09fc06,a8ead057-a04,49289,Brasília,DF
89ecd971,df5983b9-28a,20082,Fortaleza,CE
8021340a,934a40b9-13e,42990,Salvador,BA
8f359e37,6ad034be-210,91924,Curitiba,PR
8e324d8d,ffb3c8e7-4d8,87831,Fortaleza,CE
83e3d7fb,fdbd5a1d-b80,35630,Campinas,SP
941941d3,c20d9fbe-be0,24021,Fortaleza,CE
90971306,cd7f287e-bd8,49932,Belo Horizonte,MG
01b2d692,58281682-100,61864,São Paulo,SP
d68c3f94,4a284dbf-d24,91289,Salvador,BA
5e1e1e12,caff9fbe-bc1,53193,Brasília,DF
7163da87,675d5e78-388,53874,Fortaleza,CE
ea769a28,3708d9db-a0a,95332,Brasília,DF
dba99754,41014149-515,27842,Campinas,SP
7747b46c,97f23222-f92,52030,Porto Alegre,RS
3709ab89,101b662f-b3e,36326,Campinas,SP
9d6e20de,345464fc-3a2,51180,Fortaleza,CE
cc4e1589,5e4be513-6a1,62198,Belo Horizonte,MG
47982000,36e4c778-9ea,48200,Salvador,BA
2b670671,0995d7c7-246,85481,Fortaleza,CE
c566e51f,73cea73e-d4f,52714,Curitiba,PR
9cac810b,5a4c45d6-aa7,46739,Brasília,DF
e3f22a7d,4ab650b6-e26,57843,Brasília,DF
b2333f14,3cde3649-2db,83905,Rio de Janeiro,RJ
7b51b4cf,b7f58a5a-006,87624,Curitiba,PR
7501218e,17755196-ba3,33583,Recife,PE
e6aa9f45,41b67d8d-2c9,13527,Recife,PE
c3686211,82b5d08a-002,37479,Fortaleza,CE
70f3fcf8,d43e6272-ad7,48185,Fortaleza,CE
06b4cdf5,61c05cd3-26d,63627,Rio de Janeiro,RJ
dea15ed1,cc0a9d29-505,28242,Fortaleza,CE
8825b68e,aec62290-d55,41722,Porto Alegre,RS
c538a7cb,1ef8f29a-9e6,96332,Porto Alegre,RS
2f677f1e,870a0a92-2e3,65460,Belo Horizonte,MG
09b28725,e9896665-77f,19694,Brasília,DF
530e3548,e1c12902-644,88372,Fortaleza,CE
d584847f,ad1ed7e9-7d2,86315,Fortaleza,CE
b6cdd3d0,f9bb49c1-987,80040,Brasília,DF
fc6a7c3a,b085b00c-5f5,64827,Recife,PE
f437ade8,5880fe66-4a5,14818,Recife,PE
7a775316,048f0b87-1c8,80373,Salvador,BA
df00f642,ae353b42-aaa,93647,Campinas,SP
2078ef07,04fba86b-708,24335,Rio de Janeiro,RJ
313b13f5,6a2faba4-1cd,96193,Curitiba,PR
f83cd7a2,905cee36-2b4,31802,Salvador,BA
a26caffa,dafcff09-2a9,15806,Campinas,SP
b58e18ab,0a06ff82-eec,94545,Campinas,SP
fbd81aed,47f8ee5f-e60,53463,Brasília,DF
94072435,25bb52f5-940,23886,Brasília,DF
cff08e62,331461d5-4f2,22924,São Paulo,SP
e4ee1be5,099a0065-e6b,39098,Porto Alegre,RS
3eef1250,7c9cb59d-489,77999,Recife,PE
c398ce24,c932421e-333,86089,Recife,PE
e868a118,94bf4f15-bd5,38971,Campinas,SP
19c99d65,86131956-d9c,59036,Fortaleza,CE
312594a5,e8bf1975-afc,70694,Brasília,DF
e5484fe0,dbe61fdc-1bb,75597,Campinas,SP
615835e0,12dbcbba-bc1,55215,Belo Horizonte,MG
99ec188e,44703f77-b97,73277,São Paulo,SP
f0b6a2c4,02cc845e-946,48722,Rio de Janeiro,RJ
8e096eb4,ea244781-134,21253,Brasília,DF
0a3c2b28,7488cf34-c4a,28569,Rio de Janeiro,RJ
2fa4093c,0967af4a-1b9,50880,Salvador,BA
60b82861,b0d40d50-6c4,69681,Salvador,BA
2e093507,0c716ad8-983,78303,Curitiba,PR
54abaecc,b9543d34-fa0,55652,Fortaleza,CE
8854cefd,a2d88661-095,22795,Fortaleza,CE
33afd110,47f67c61-bf1,69303,Fortaleza,CE
b57bd140,126d4b1a-de2,18804,Salvador,BA
76e0c751,4536baa6-fa5,15856,Porto Alegre,RS
e00baaf1,82e505df-1dc,12960,Rio de Janeiro,RJ
b32ecbe4,2d17fe29-3ee,94930,Salvador,BA
2ea88e49,e0ebc254-082,98754,Rio de Janeiro,RJ
ce264ea4,9eb76b42-d2a,41970,Belo Horizonte,MG
3699ffd1,57ed75fd-f9f,32865,Recife,PE
c720bb39,d14c2b88-685,30989,Recife,PE
02163a76,449f0671-d83,83380,Salvador,BA
07d2603d,3428c68e-57a,70562,Brasília,DF
75ab69f6,a518111e-35a,63090,Curitiba,PR
6df30318,c334a606-9da,34430,Belo Horizonte,MG
23ca5d4e,45fb1482-f7a,61849,Brasília,DF
c352d362,ce377b2b-19c,90492,São Paulo,SP
053a2386,c8a83c89-7a3,68926,Curitiba,PR
13c7f279,82e505df-1dc,66302,Campinas,SP
287c447d,63fd87a4-2c0,10583,Brasília,DF
76b9a4fd,cacf50ef-0c5,36972,Curitiba,PR
1bbfdc37,1335145d-730,18200,Porto Alegre,RS
38f824a6,29441493-d88,23336,Campinas,SP
ffd41370,c407571e-a3e,34505,Recife,PE
623ae54d,808372a1-7a0,52727,Salvador,BA
77f2d320,70cb755e-1f1,69972,Curitiba,PR
8c4b9cf7,c28359bb-a63,44387,Rio de Janeiro,RJ
a3638fed,8c1ccb75-8c4,79168,Fortaleza,CE
ba8243e0,71ee2cf2-f7e,88246,Salvador,BA
9b965a4a,2045b4f1-a6e,90125,Brasília,DF
489abdc7,aeec6e43-91b,86939,Brasília,DF
56bf0f6d,98ca9916-610,55603,Rio de Janeiro,RJ
9cf168ee,75390ee7-c73,70012,Salvador,BA
4e52ed64,8bcfbcde-411,32613,Campinas,SP
0ab63290,c76d3f4f-afb,90541,Porto Alegre,RS
0251d63d,e2f38371-54f,21108,Campinas,SP
ce6185be,e5e45bc2-9c1,51049,Belo Horizonte,MG
887c5e42,6b3a4cab-4bf,41270,Rio de Janeiro,RJ
391b4fae,ba231a3c-dde,25328,Porto Alegre,RS
4e8f3f13,7a5fab5e-922,58929,Belo Horizonte,MG
4b9f157e,8796ece0-cc7,76954,Belo Horizonte,MG
decd4cd6,a4eafe19-195,64819,Brasília,DF
6f06d8a3,a3401231-f0f,28070,Campinas,SP
bf9bb08a,3487842f-e94,60293,Campinas,SP
ef1f00d0,334c8862-046,34347,Brasília,DF
aaa7b951,79014f47-898,93296,Fortaleza,CE
9ae65f41,b8178252-8a2,94575,Recife,PE
a1998e45,0e4eea9b-f1e,82733,Belo Horizonte,MG
66a8746d,57ed75fd-f9f,74178,Belo Horizonte,MG
e498406f,c3874730-866,28388,Porto Alegre,RS
efc250d4,8ee100e8-07d,51232,Belo Horizonte,MG
78c8c07e,0967af4a-1b9,91187,Fortaleza,CE
13f2d2ec,a0fdca1a-924,57059,São Paulo,SP
a6d86955,4a284dbf-d24,73518,São Paulo,SP
9765d9e4,9469cfb8-475,35575,Belo Horizonte,MG
00ff3308,e18dba7b-96f,83607,Brasília,DF
7bb28f78,1675dd65-ead,95599,Recife,PE
bc67aa69,3e7f7a70-9b9,63626,Fortaleza,CE
7a3007e1,9a7c0dca-271,64477,Fortaleza,CE
3d24e460,47f8ee5f-e60,74054,Fortaleza,CE
36e7753c,b66ed848-60f,20835,Belo Horizonte,MG
8062d9d9,909d9251-59c,14044,Campinas,SP
4e1ea8a4,2c9a1f9f-833,48284,Curitiba,PR
5a56558b,3809a9e1-e34,46025,São Paulo,SP
4712fc20,c995b717-466,80465,Curitiba,PR
184c639b,5c5e1be8-56b,32047,Porto Alegre,RS
f7f5a105,12b850a6-b68,84140,Fortaleza,CE
2b8c89ce,58702382-797,82053,Fortaleza,CE
a99498d1,027f37b7-ac3,24838,Recife,PE
80337d04,79e19239-8e4,24969,Campinas,SP
c4e2a10e,5a50cdb7-450,81186,Porto Alegre,RS
c9cfa5c6,1e575330-cc0,81046,Salvador,BA
d9998e09,dee117a4-4ea,67850,São Paulo,SP
b600939f,06fe4560-2b0,38644,Recife,PE
b7ffe70c,85dd3774-9ba,23423,Brasília,DF
e437a996,6af16a57-c53,49021,Curitiba,PR
4bb5d868,e8dbbebe-a34,68947,São Paulo,SP
4a6906f2,9513785e-e84,55688,Porto Alegre,RS
3661b2fd,9346a444-b6b,67549,Rio de Janeiro,RJ
07835884,2ff16a4b-403,41056,Rio de Janeiro,RJ
f023f4af,46e2b112-c2b,87060,Curitiba,PR
b6cfa4ed,331461d5-4f2,89988,Salvador,BA
2c9e7b1f,2f74407c-5b6,31755,Brasília,DF
6bf90098,a0aa2f06-ab6,28249,Campinas,SP
2594f35e,d963b56a-dfe,37124,Curitiba,PR
17fa7ea7,337de349-4fb,84720,São Paulo,SP
6bbe5122,b7ed6b83-6ff,79767,Salvador,BA
63e28e7d,ea76ddd1-623,88231,Porto Alegre,RS
e84fa3e8,f397697a-a90,32069,Recife,PE
238d5861,75a9e8e3-88f,48356,Salvador,BA
2c2cd27c,1b1fc198-765,85069,Porto Alegre,RS
b4dbe023,8af66c6b-dfe,77425,Porto Alegre,RS
4cb0673f,43bad43f-25f,27771,Rio de Janeiro,RJ
187234d8,1395c9c4-223,17770,Brasília,DF
f96436f3,d5e378c5-bcf,95969,Porto Alegre,RS
be98e619,3da6d91e-9dc,27392,Belo Horizonte,MG
56de3dce,4b2fa69e-16f,29168,Curitiba,PR
d7c7ffee,3d28c336-bfc,42447,Salvador,BA
6c2c47a9,b48d1c24-f08,74154,Brasília,DF
26c1c700,e1e39ca6-193,85684,Belo Horizonte,MG
6a678291,ac08096c-80c,92288,Porto Alegre,RS
390dd4c3,6cad6409-a9c,59174,Brasília,DF
014cb2d6,e93bf4bc-c2b,19898,Fortaleza,CE
725e2973,ffd88d4a-035,62802,Rio de Janeiro,RJ
502b9fc7,4ab9d69c-4a7,46467,Recife,PE
3b3bdec4,439fd801-66c,69597,Salvador,BA
9b4cdd04,21d54888-723,52898,Fortaleza,CE
89cc50ee,5361a544-a6a,10324,Campinas,SP
8072f92c,01f66589-7f2,70089,Rio de Janeiro,RJ
5d906d27,b7ed6b83-6ff,18300,Salvador,BA
e9f39f55,e5190b05-966,62129,Recife,PE
d7055037,cd74775d-44d,66314,Curitiba,PR
4191ba08,38cf333c-ef4,74843,Curitiba,PR
2cc440b6,02cf5ae1-ceb,52318,Porto Alegre,RS
91486559,dda2ecee-452,54270,Porto Alegre,RS
b5d42195,e59d8d90-4af,85750,Recife,PE
af786b3b,c76d3f4f-afb,84205,Belo Horizonte,MG
e6a3a531,ce377b2b-19c,55054,Fortaleza,CE
7b15e418,ee065984-e68,16021,São Paulo,SP
b588d7fa,37c8154b-93a,92074,Rio de Janeiro,RJ
920e9a00,e1e39ca6-193,12134,Fortaleza,CE
1e4bf560,98ca9916-610,30707,Rio de Janeiro,RJ
be4c31c0,1652f6c4-51d,69836,Fortaleza,CE
27308a9a,2f054d22-a67,66072,São Paulo,SP
8d576c2d,24d19f3d-2f4,27290,Curitiba,PR
77a7ae1f,3c39d719-22d,30837,Porto Alegre,RS
99b5dab9,f5b856e0-e63,22234,Porto Alegre,RS
27489a40,dee117a4-4ea,42819,Salvador,BA
65fb7bdd,e17e2b21-713,58738,Rio de Janeiro,RJ
ebbd9e03,72c03b82-7bd,16787,Belo Horizonte,MG
81076e0b,78bfa781-a37,91999,Brasília,DF
82cc1127,d53a0f7b-d6e,40689,Porto Alegre,RS
3f10f164,489ea48f-cbb,95915,Brasília,DF
6e553693,fa5876c7-930,22475,Rio de Janeiro,RJ
965565c2,78d61d13-f33,37973,São Paulo,SP
b149737e,16cd3a0d-85f,20215,Fortaleza,CE
919efc57,e89a6c41-fd5,87814,Belo Horizonte,MG
194dc6c4,6370a4f1-e21,78084,Curitiba,PR
d787a80b,cae29560-262,11217,Fortaleza,CE
0228d25b,b58f1299-b02,55032,São Paulo,SP
eaef3966,85dd3774-9ba,65353,Rio de Janeiro,RJ
c6056cec,0f445088-142,72613,Belo Horizonte,MG
4059db31,f6f23b58-9d6,40008,Rio de Janeiro,RJ
0a7c45c9,5b0616c2-77a,21708,Brasília,DF
e75f58a3,60400b93-f0a,23526,Rio de Janeiro,RJ
7ced49b0,b417b239-9e0,58177,Salvador,BA
231b5e20,a673a8e1-3d1,27973,Porto Alegre,RS
adfb991d,18b37849-10f,27451,Brasília,DF
3cc328ca,e0b61fe8-afb,18966,Belo Horizonte,MG
322667db,20193ba0-f7b,83831,Recife,PE
38ff9b76,1c797f63-ec4,89995,São Paulo,SP
dac074dd,d43e6272-ad7,67684,Belo Horizonte,MG
966911c4,2e1e0e26-b6a,37925,Salvador,BA
006a19ea,cb8e9aa0-819,63963,Belo Horizonte,MG
578e24c9,56264742-884,99989,Campinas,SP
09fcfd58,a9ec5675-fc2,38474,Fortaleza,CE
2b29aebe,6bc9b09d-77d,23168,Rio de Janeiro,RJ
23c35ef0,10211164-7ca,26142,Belo Horizonte,MG
b668754c,e6c15874-b35,60335,Campinas,SP
c7f87701,e6bea1ee-9eb,66280,Salvador,BA
33656157,b00ce5dd-44a,28327,Salvador,BA
45892159,50886164-a61,46302,Curitiba,PR
1c6d3623,e55d65ac-a53,42527,Rio de Janeiro,RJ
b0c3a63c,2765ad7b-28f,88774,Recife,PE
58842283,df5d5219-51f,89638,Campinas,SP
1deecdcb,3f172ff0-b0f,13515,Porto Alegre,RS
eb8d0ed9,c0b99c9a-b36,36928,Porto Alegre,RS
efa46193,cf3bd411-0e3,89551,Recife,PE
6633caa7,28d0ca53-d9c,34726,Recife,PE
4fbd1d64,c490502c-0b8,48737,Brasília,DF
8f2434d0,17755196-ba3,41370,São Paulo,SP
e52acd8d,58702382-797,60578,Fortaleza,CE
b8bea469,58b9bac9-fab,41599,Rio de Janeiro,RJ
36f78a31,cd74775d-44d,93634,Fortaleza,CE
79579b55,a0036962-b24,19307,Campinas,SP
6451bb59,01f66589-7f2,11581,Recife,PE
a356ac45,82709423-adb,51480,Salvador,BA
6675d1d4,6b17764b-8b7,60703,Belo Horizonte,MG
b84ed300,93edfb3b-721,65163,Campinas,SP
b302206e,882a1c1b-382,81612,Salvador,BA
9b1ea421,f85ac18b-b53,71736,Belo Horizonte,MG
ea9e73a0,6b5ee021-36e,12187,Rio de Janeiro,RJ
85664205,5512098f-09e,18851,Campinas,SP
0a348b84,e59d8d90-4af,44365,São Paulo,SP
46fe6eac,12b850a6-b68,15220,Curitiba,PR
61269610,bd01c16e-cbb,62163,São Paulo,SP
b353f0ef,2fd13820-220,47550,Recife,PE
23a68be1,e0d0c692-309,64451,Recife,PE
1c46afa6,178d5880-183,62727,Brasília,DF
a7667ec6,66963b27-a23,93956,Rio de Janeiro,RJ
99a877d6,8f518daa-105,80471,Recife,PE
333d3a9a,e66b5313-59f,30012,Campinas,SP
592842b5,a1c098c6-86c,20957,Porto Alegre,RS
b8e71cd3,60229eb9-678,20357,Porto Alegre,RS
d62f71e3,45160598-bf3,36633,Recife,PE
4f7e2004,24f1f492-0f5,80305,Belo Horizonte,MG
631eb0b1,f2ac15f5-e26,61213,Salvador,BA
ff5abafa,ae6fed91-21f,93138,Campinas,SP
171301fc,12e90ebc-77e,50654,Rio de Janeiro,RJ
4539cf14,0e4eea9b-f1e,41278,Brasília,DF
2f5f8846,73f3596e-472,42044,São Paulo,SP
6c62e3de,47cd7922-431,66948,Rio de Janeiro,RJ
e84b57a8,56eb0519-a71,69424,Rio de Janeiro,RJ
543df39a,218cbc76-4b5,89800,Campinas,SP
1e28a1ac,c0b99c9a-b36,50539,São Paulo,SP
e9fec649,909d9251-59c,25655,Belo Horizonte,MG
7d489586,a6cf04d3-5bc,27984,São Paulo,SP
913a90ca,91821d99-e0b,31473,São Paulo,SP
92c63399,121671e9-a4e,55443,Fortaleza,CE
a3e1789a,e410d653-00e,77793,Recife,PE
6f4dc9e7,491f5e32-2b8,31884,Porto Alegre,RS
c85ef291,52699f63-df2,26637,Salvador,BA
e5c5578e,c7c14b03-c1d,25473,Porto Alegre,RS
eed4a58f,2df00111-86b,53910,São Paulo,SP
941b42b8,463d6489-407,45649,Brasília,DF
89850bba,cb7e15ca-10a,18371,Recife,PE
b1a1c687,b71f97b4-1a4,85582,Porto Alegre,RS
1be5f126,3ed58e29-5ba,75031,Rio de Janeiro,RJ
f7b48ee6,d4c0bace-af6,76949,Fortaleza,CE
0016f51a,1ebcd894-541,17266,Salvador,BA
14b25a29,a3401231-f0f,84302,Fortaleza,CE
3a210e4a,d3985ff9-73d,58193,Belo Horizonte,MG
bfcf156f,10fb6882-a87,43438,Belo Horizonte,MG
f1f4eb96,b9543d34-fa0,85223,Rio de Janeiro,RJ
fca6b031,f5b856e0-e63,39937,Rio de Janeiro,RJ
1e8d9c08,a1bcc2a3-d52,10336,Recife,PE
b4df33f2,d387f26c-a99,11610,São Paulo,SP
6935f132,dc8fc3ff-258,16026,Curitiba,PR
08f886f1,60cfc72f-7c0,57707,Fortaleza,CE
411a5679,218cbc76-4b5,29671,Brasília,DF
09a40794,c72c2408-948,14635,Belo Horizonte,MG
fceb24cf,cadfbfca-b22,95944,Recife,PE
13c08d7a,180bdf2a-da7,39427,Brasília,DF
1db00f76,325f1ae5-794,42540,Salvador,BA
d9272cca,8b2acdce-320,51934,Brasília,DF
80f1c658,4849ce46-fff,20208,Porto Alegre,RS
05386550,870a0a92-2e3,58864,Campinas,SP
603645d2,7b446bba-3a3,75803,Rio de Janeiro,RJ
3b6659cb,1ebcd894-541,33507,São Paulo,SP
3c98f093,a155d3f5-f00,77603,Curitiba,PR
b9e822fe,8842dea9-406,62550,São Paulo,SP
72b1393d,c3762000-43e,70960,Rio de Janeiro,RJ
04577004,38b6d16c-e59,50723,Porto Alegre,RS
783f4ccb,7870f010-d21,21322,Salvador,BA
4c2aa869,7d07848b-ccf,69866,Recife,PE
ed66be52,5f7e6a7e-801,58354,São Paulo,SP
6e4a1754,099a0065-e6b,48219,Curitiba,PR
37987045,75a61c25-417,49834,Campinas,SP
8bcf6687,5dbe4e68-5b1,41795,Campinas,SP
93bd64e7,9df4ab35-48c,58270,Fortaleza,CE
622f12c1,d8608b33-624,74665,Campinas,SP
7851951b,5361a544-a6a,81638,Curitiba,PR
5357ab9c,c76d3f4f-afb,29735,Curitiba,PR
8f36b34d,8f1d0cdd-8cf,63744,São Paulo,SP
a35aeec9,e6c15874-b35,40539,São Paulo,SP
f153fda0,98bfa19c-513,55406,Recife,PE
13f12e22,03bfbd23-176,53911,São Paulo,SP
952e5d35,a36d2aec-e2d,96154,São Paulo,SP
7d6c32a0,eafe3374-4e3,50306,Brasília,DF
2a3f7e04,f1c8efea-56a,36895,Rio de Janeiro,RJ
db2c2358,2045b4f1-a6e,41217,Recife,PE
417881d5,c69f1a18-a17,74491,Brasília,DF
04484397,71da02b2-3d3,28661,São Paulo,SP
ccc2b6ec,4ab9d69c-4a7,22193,Porto Alegre,RS
d842cd04,40f2a3a8-f3f,40339,São Paulo,SP
a8e70dbe,834b8075-8bb,64140,Recife,PE
c046a219,6b9c55e0-6b0,70091,Salvador,BA
f2f33e2c,e5a36025-d77,86122,Rio de Janeiro,RJ
0d7fa440,b2a361f9-145,76247,Rio de Janeiro,RJ
5ff729fc,0d75f9c7-7d2,93521,Belo Horizonte,MG
779064a6,c7d8ed2f-f39,19808,Brasília,DF
6ed53784,39de5832-a6e,84425,Campinas,SP
2e10fc5e,37c8154b-93a,67014,São Paulo,SP
5801e377,496e0129-e9b,41034,Belo Horizonte,MG
d19fce9f,5fab5dc4-ae2,44208,Porto Alegre,RS
c17bcb7b,03e86dcb-508,61505,Salvador,BA
86932886,64df45f8-e32,51688,Salvador,BA
5e604e08,12a9e50d-806,45645,Fortaleza,CE
8c42b6a3,a264d663-af4,19789,Curitiba,PR
979a78e9,fb7ba18a-0ea,27840,Curitiba,PR
cc687655,5512098f-09e,24283,Campinas,SP
5bfe3efa,2fd13820-220,23848,Belo Horizonte,MG
84bde093,8ee100e8-07d,68925,Belo Horizonte,MG
848eb191,3c05cb80-0d8,51160,Fortaleza,CE
d106be95,59340d9e-d75,25825,Brasília,DF
e224c476,e40293cc-e00,56961,Recife,PE
b31f2fb3,e2f38371-54f,69233,Curitiba,PR
04021d40,e8d94a9a-059,70731,Porto Alegre,RS
d4dcbd02,3e307973-1d8,25717,Porto Alegre,RS
294c864d,8b86da59-a27,30658,Rio de Janeiro,RJ
56730f82,7b446bba-3a3,89076,Porto Alegre,RS
bb9f9a69,6ab4ad53-596,38183,São Paulo,SP
5554ee5d,170b4413-387,29441,Salvador,BA
c08f82d4,baca8ee7-29d,42534,Rio de Janeiro,RJ
1c7c807d,21b4ab83-c5b,61936,Salvador,BA
db3515bc,439fd801-66c,16416,Recife,PE
c6f3cac7,1675dd65-ead,44100,Porto Alegre,RS
8879168d,2dd3553a-7b8,14073,Belo Horizonte,MG
3b08798e,c105aae2-64d,69270,Brasília,DF
b1818d07,516e0eb4-40d,82105,Recife,PE
476ef5c3,18b37849-10f,22415,Curitiba,PR
94cd6f54,d938f2d9-dc6,23357,Fortaleza,CE
551b00f1,f90552dc-505,25919,Belo Horizonte,MG
61c24314,624c0239-f95,18083,São Paulo,SP
07ad5401,0a7b12ff-62c,27133,Curitiba,PR
3affcdfa,336d0482-766,62505,Curitiba,PR
a4aa67c8,54ed7593-de3,99952,Salvador,BA
7ac8734e,4e279420-d48,86326,Rio de Janeiro,RJ
4c17a52e,e6a1b9c5-ef2,43924,Campinas,SP
ef13ded5,c6347284-609,12857,Rio de Janeiro,RJ
4984e90a,4b1ca49d-408,35919,Rio de Janeiro,RJ
a7000b73,1cd557c4-7dd,26880,Fortaleza,CE
1acdd0e0,ba231a3c-dde,53456,Rio de Janeiro,RJ
a4d30736,2efc89b9-69b,15596,Rio de Janeiro,RJ
00cf0d69,dda2d44c-f2c,16637,Fortaleza,CE
f8e8b22a,185df979-559,85220,Belo Horizonte,MG
9a8eaf56,e2f38371-54f,61773,Brasília,DF
ff1e2430,b9ef1a10-1cb,13864,Fortaleza,CE
e14d7dae,48a3e742-d92,99550,Brasília,DF
a7a5f6d0,317844bd-080,32650,Brasília,DF
9ba2d340,463d6489-407,38143,Salvador,BA
ca2a343f,c0a5b1fe-b69,46042,Belo Horizonte,MG
fb653317,ecf8542b-14e,68459,Porto Alegre,RS
bcaa6449,f94c5620-9c7,14541,Belo Horizonte,MG
2e2fb92b,825ab99f-638,91156,Campinas,SP
94f79bd0,e1a58227-6c1,42215,Campinas,SP
423ab03a,b09d78e5-096,75390,Porto Alegre,RS
d7b0dfa7,41469823-1bb,82179,Brasília,DF
bc0c7352,d49d1f33-beb,17992,Fortaleza,CE
fb9dcea7,99c08478-169,46670,Rio de Janeiro,RJ
d1e95301,d14c2b88-685,27987,Brasília,DF
a97dd45a,6b5ee021-36e,36143,Brasília,DF
7032ec3c,a8ead057-a04,42656,Recife,PE
f18dd002,931df7d5-3e6,12559,Recife,PE
52bb6a4d,76e4a906-6d9,57069,Brasília,DF
25e41cdf,2765ad7b-28f,81371,Fortaleza,CE
b1ce534a,96e7596b-4f8,55093,Fortaleza,CE
ac14cf61,3da6d91e-9dc,75849,Campinas,SP
5229665d,b9a21e50-c43,60905,Salvador,BA
3bf9cf7c,94d23687-532,33568,Porto Alegre,RS
b9011251,9703595a-625,51795,São Paulo,SP
bacbcb82,4eb1cf7b-6e4,38707,Campinas,SP
f910e842,ac318acd-4b2,46822,São Paulo,SP
622c5151,8c25483d-541,71824,São Paulo,SP
63b378e0,7c125f13-e0c,56849,Recife,PE
f53c12c3,152501af-80c,40508,Campinas,SP
ef8d9041,a84bf03f-73c,23124,Belo Horizonte,MG
68bbd16f,101b662f-b3e,96096,Curitiba,PR
f8698135,bd5e71c4-d8d,44934,Curitiba,PR
9cf64566,a2bc4607-42c,17328,Recife,PE
7168bb4b,b7f58a5a-006,85457,Curitiba,PR
4355b7c2,491f5e32-2b8,56504,Brasília,DF
87e3398b,eb7ddcc0-887,33081,Belo Horizonte,MG
970c3a1c,228b628c-3a1,87662,Curitiba,PR
9ed812ec,027f37b7-ac3,57026,Salvador,BA
2258cf9f,165b718f-025,13697,Campinas,SP
f266c6ca,5162bbc7-82c,84403,Salvador,BA
532f422f,b126888c-b07,28625,Campinas,SP
90013d69,63ced798-5ff,34672,Campinas,SP
09497254,226ca0cf-1a8,81057,Fortaleza,CE
a15f1c46,cb8e9aa0-819,33010,Porto Alegre,RS
531f974c,7b446bba-3a3,14975,Fortaleza,CE
1b67cb4d,e8169eec-f80,17362,Rio de Janeiro,RJ
0ca58e05,46243129-f0d,88861,Curitiba,PR
a035d7c8,080328cd-fd0,12612,Curitiba,PR
83e84140,a8f51504-a41,72650,Recife,PE
56ae0408,5703ecc5-6ab,53481,São Paulo,SP
8280d088,013786c4-fee,36406,Campinas,SP
72134180,25a29845-ade,54663,Belo Horizonte,MG
6b603408,c7d8ed2f-f39,52413,Belo Horizonte,MG
5cf8b445,82bae8bf-6c5,12872,São Paulo,SP
11aa41fb,e96d8802-d46,86888,Belo Horizonte,MG
d0cfd5f4,664dc9cf-11e,24538,Belo Horizonte,MG
7b865967,25206ee4-530,57826,Recife,PE
306a2859,f04806a6-5f5,58967,Rio de Janeiro,RJ
a9e11740,b06aebaa-067,86810,Brasília,DF
ba2e7388,24bb49c4-160,54113,Rio de Janeiro,RJ
fa460a62,65b661c4-dff,52284,Porto Alegre,RS
2a87c429,a8ead057-a04,30644,Belo Horizonte,MG
3b00e7a0,530a80f0-cbb,93789,Brasília,DF
acd55327,46e2b112-c2b,95089,Fortaleza,CE
3e413f93,c763b9bd-df8,32833,Salvador,BA
249e8f95,d6110b30-939,90440,Recife,PE
14d33c6c,4d9c2fb4-ce0,39260,Salvador,BA
2098a9b8,c00613c6-246,32983,Campinas,SP
de1337fe,376ae4ff-edd,50215,Brasília,DF
ddfb280b,55088adc-a55,26691,Porto Alegre,RS
792fe453,40b50479-f2d,10235,Belo Horizonte,MG
8289815f,1395c9c4-223,61327,Campinas,SP
fe08c84f,0fd94e70-c92,14244,Campinas,SP
a25f9ee3,80a36c89-981,88956,Belo Horizonte,MG
d1f5fe12,715cae17-26a,90134,Salvador,BA
334169a7,df994639-f79,93839,Curitiba,PR
bb76c022,9aa5a033-c0c,23645,Campinas,SP
379f4fed,9a7c0dca-271,28434,Fortaleza,CE
0bf088c1,5ec910f7-d4e,20198,Salvador,BA
2e1cb7f5,655d91e7-6d3,55457,Curitiba,PR
e6e3d959,1462dcaf-02b,32005,Salvador,BA
2e9bf230,8aecb5c2-b97,97821,Rio de Janeiro,RJ
c6cd5275,5954c40b-a61,68540,Salvador,BA
147ffeed,25206ee4-530,44761,São Paulo,SP
4c1b3911,ac7c3fd7-05a,42707,Curitiba,PR
1e5c5aab,325f1ae5-794,55938,Rio de Janeiro,RJ
207f2b07,f2c421ca-25c,24160,Porto Alegre,RS
0bd156c4,b8405612-abe,16310,São Paulo,SP
9b80e23a,93c7d1d1-5c4,67438,Brasília,DF
fd3f969a,95432a5e-cf4,31802,Brasília,DF
83fb8e82,a81f781d-309,74629,Brasília,DF
cb785692,d14c2b88-685,56036,Brasília,DF
97d63c95,ee985471-f0b,59197,Recife,PE
7ce167d7,5822d11b-0b7,72847,Rio de Janeiro,RJ
a7f22bc5,2335832b-5a1,95323,Campinas,SP
332e32f1,2f03d173-fe3,31319,Curitiba,PR
b7bc3943,6c929cb7-a91,19661,Fortaleza,CE
11828010,25206ee4-530,48654,São Paulo,SP
2bb7de34,c105aae2-64d,51774,São Paulo,SP
942c563b,24d19f3d-2f4,23726,Porto Alegre,RS
6d5ca514,b58f1299-b02,54801,Rio de Janeiro,RJ
87486833,ab8f6a21-d71,59212,Belo Horizonte,MG
63aefef2,5d9e6ac3-cb5,19830,Belo Horizonte,MG
cdf55148,a0aa2f06-ab6,22203,Recife,PE
65ed919f,fe52fd34-a32,87860,Salvador,BA
3aa4018a,be7c904b-c0f,73273,Campinas,SP
455dc9e9,a81f781d-309,66534,São Paulo,SP
eec3f5a1,5954c40b-a61,89602,Belo Horizonte,MG
69c56696,63dc0f3f-3a6,30591,Brasília,DF
0cc8fc6c,a3401231-f0f,23272,São Paulo,SP
51c334c4,e1e39ca6-193,36941,Salvador,BA
ad641c20,e9546f13-e5c,63645,Curitiba,PR
59775ab3,1f258049-f29,80795,Recife,PE
57b8a0e3,e0d0c692-309,96585,Porto Alegre,RS
d769d23f,34d163be-ecc,48980,Porto Alegre,RS
cab06615,f55865a9-50e,22571,Curitiba,PR
d1e64a86,6955ea32-465,61498,São Paulo,SP
ff7413b8,12a9e50d-806,82045,Campinas,SP
86aaceb2,3960d018-13f,30131,Fortaleza,CE
c85366d9,109e1ec7-723,57294,São Paulo,SP
26a298bb,37c8154b-93a,66047,São Paulo,SP
431d2d03,d1bc7f65-132,48607,Rio de Janeiro,RJ
dbe0a38a,da83668f-852,72957,Campinas,SP
0de50958,2bc6bd07-07d,22712,Curitiba,PR
5ae1b778,92b2b079-7e2,37125,São Paulo,SP
50daba29,3a848e22-4a1,93648,Belo Horizonte,MG
fef4392b,ad1ed7e9-7d2,20739,Porto Alegre,RS
6e9f8af2,47f67c61-bf1,25139,Fortaleza,CE
46ac43b1,2843a979-be5,62096,Porto Alegre,RS
b70b6684,49ac0300-038,74106,Fortaleza,CE
8ad820e0,e8169eec-f80,21945,Porto Alegre,RS
15f7aa69,01f66589-7f2,60793,Recife,PE
723b6a03,368c5e76-45f,58630,Belo Horizonte,MG
229defb5,a510f1f7-4e6,58418,Brasília,DF
06ef2d0e,149650bd-82c,68428,Belo Horizonte,MG
603e4d67,4fae393b-04e,44510,São Paulo,SP
f1818348,bbc5a68d-163,70956,Fortaleza,CE
61cef4e7,85b57882-410,39654,Porto Alegre,RS
990c458b,a1c098c6-86c,83956,Porto Alegre,RS
c13667cc,d5721c51-178,29808,São Paulo,SP
feab8959,4b1ca49d-408,21233,Rio de Janeiro,RJ
4e1d1bcc,263b89e4-4b1,80968,Salvador,BA
2e10fccf,201cac2a-2f6,87296,Brasília,DF
35c5d5ba,28b7f32f-128,82561,Curitiba,PR
64839ce1,ce377b2b-19c,60738,São Paulo,SP
1ed0c4ff,c0b1ac8b-ea7,64870,Recife,PE
c86b03a9,52e3f6c6-19c,72236,Recife,PE
fbf2d460,6b398729-fc7,40886,Campinas,SP
e7a0acb3,e6c15874-b35,49171,Fortaleza,CE
4df766cb,21b4ab83-c5b,61747,Rio de Janeiro,RJ
7c6b6b63,75a61c25-417,75811,São Paulo,SP
bb84554c,473837b5-5d4,77740,Campinas,SP
6327ad58,03bfbd23-176,98805,Campinas,SP
7a6d4c2e,ebb0429f-9d2,29326,Campinas,SP
97255e5e,10fb6882-a87,68856,Rio de Janeiro,RJ
4eb5cb0e,25bb52f5-940,31910,Belo Horizonte,MG
971199e2,8b16553b-c8b,35260,Curitiba,PR
4b94943b,fdbd5a1d-b80,15593,Belo Horizonte,MG
10b7bcce,25bdc544-dec,20271,Brasília,DF
ec257b19,b9ef1a10-1cb,36465,Brasília,DF
cf6da668,17e510a0-c1a,87994,Belo Horizonte,MG
bc86211d,33739dea-e97,51910,Porto Alegre,RS
6fd1be31,bf21328b-c8b,21406,Rio de Janeiro,RJ
e4811065,4b2fa69e-16f,82923,Brasília,DF
64bb11fd,e6941585-40a,82358,Brasília,DF
87ebb717,3c39d719-22d,46202,Salvador,BA
d2e175d6,e1a58227-6c1,70051,Recife,PE
33099f7b,22cc68dd-619,91665,São Paulo,SP
37be15b1,a0b85038-15f,78493,Campinas,SP
4f7cd3b5,099a0065-e6b,24748,Brasília,DF
f8de208e,0d97e815-23b,29613,Brasília,DF
4d4ffa96,739157d8-601,84264,Belo Horizonte,MG
4e2d94c4,e0d0c692-309,86372,Campinas,SP
cd03adaf,a9ec5675-fc2,23845,Rio de Janeiro,RJ
158eb961,905cee36-2b4,23237,Campinas,SP
24ce1cf8,8bcfbcde-411,80206,Porto Alegre,RS
26e3cda9,f5470842-248,63856,Salvador,BA
6018ca33,125cec49-32e,60206,Porto Alegre,RS
4a099bc2,1b824515-a7a,84976,Fortaleza,CE
8cad9703,4536baa6-fa5,72003,Campinas,SP
a4b3b449,07bcab41-88d,32570,São Paulo,SP
0d719f33,e371d3aa-1e4,62818,Porto Alegre,RS
b17e0f92,53533fc4-804,91034,Belo Horizonte,MG
bca5fbca,c6347284-609,99235,Campinas,SP
11cbefd7,afe05953-9f4,15083,Brasília,DF
1aff82ca,5ce42372-39f,53449,Brasília,DF
1d584a39,9d828606-a55,16460,Curitiba,PR
864b770c,59eb91a3-e6b,45203,Fortaleza,CE
a3f439fa,a47f9c19-408,12651,Salvador,BA
11cf54b6,d938f2d9-dc6,49722,Salvador,BA
d6bbef0c,8b78eed1-2f0,46745,Porto Alegre,RS
fb2902df,331461d5-4f2,99764,Fortaleza,CE
706ffe51,5361a544-a6a,39878,Rio de Janeiro,RJ
b395c0d2,eca64685-e2c,49384,Belo Horizonte,MG
ac2ab069,a155d3f5-f00,52056,Fortaleza,CE
7e949ebd,77e61a38-1ce,64627,Porto Alegre,RS
216e9998,52e3f6c6-19c,94614,Campinas,SP
2d896480,0fd94e70-c92,34633,Rio de Janeiro,RJ
2254313b,2574284f-49e,37707,Fortaleza,CE
27e4eb02,f123df9f-3bf,73499,Brasília,DF
3c8e805f,56264742-884,59009,Recife,PE
bcf8a96a,8aecb5c2-b97,77537,São Paulo,SP
b272d76e,c77f1671-651,18600,Belo Horizonte,MG
4e63532d,655460c4-0a3,76426,Porto Alegre,RS
30361062,71864a38-887,27779,Brasília,DF
44511fdc,75a9e8e3-88f,84537,Recife,PE
a9472bbe,075a3001-905,32772,São Paulo,SP
a6f23722,2964ff1a-07a,36309,Curitiba,PR
9672189e,3e290bfb-31e,42701,São Paulo,SP
2b673222,28be21f9-028,69827,São Paulo,SP
f7400d1f,58c78223-328,57235,São Paulo,SP
b15c78d5,334c8862-046,45910,Curitiba,PR
f8a94554,ea660fb6-1a3,70846,Salvador,BA
aa5f24a6,8b86da59-a27,62028,Recife,PE
b193a424,a1bcc2a3-d52,99282,Rio de Janeiro,RJ
00dfd0a1,5731778d-59c,41711,São Paulo,SP
5e3b59fa,7488cf34-c4a,74066,Salvador,BA
e1ddb0a4,d1d21759-768,68471,Campinas,SP
e94f8ff8,97f23222-f92,72204,Belo Horizonte,MG
619cd728,6b77f03d-bac,82264,Campinas,SP
20f85e09,84fc6ae5-d61,55121,Salvador,BA
ce026849,38aa823b-529,43903,Belo Horizonte,MG
4dd2186b,4cd12c66-aa2,47364,Rio de Janeiro,RJ
3cd38e87,a5a8da96-abc,60667,São Paulo,SP
b062101b,47f67c61-bf1,31352,São Paulo,SP
cebc5bdb,0451fa86-4b3,38091,Campinas,SP
34d3cc94,d94dc11b-f4b,94853,Curitiba,PR
c0ae012f,a3b45ef4-544,98826,Curitiba,PR
826c1f0c,d29f3fdf-08d,45269,Curitiba,PR
57236085,84248915-c38,77276,Brasília,DF
cac8b898,b6e7a2b2-560,99417,São Paulo,SP
121dc651,22cc68dd-619,72140,São Paulo,SP
47e73e56,3e7f7a70-9b9,94852,Belo Horizonte,MG
109eaa04,ebda187b-454,88792,Belo Horizonte,MG
2013ca27,177b41e9-235,39329,São Paulo,SP
bda61991,109e1ec7-723,89736,Porto Alegre,RS
2540f4a9,aa099c17-5d9,94245,Porto Alegre,RS
bfaf0411,b9ef1a10-1cb,65549,Porto Alegre,RS
b60d77cf,e8ccb290-7ea,55706,Brasília,DF
9ac46a72,452d59a7-2ac,43029,Fortaleza,CE
d0fee399,e5a36025-d77,71171,Curitiba,PR
21885b1c,bb5e6a82-f11,98761,Porto Alegre,RS
caf4dfc6,18d355de-b68,91737,Recife,PE
640aeb88,0ff1af7b-3da,86609,Brasília,DF
a7191243,8ee100e8-07d,10963,Rio de Janeiro,RJ
9c7eaa10,fd331cb7-794,96816,Recife,PE
9fb2b4bc,c490502c-0b8,83591,Salvador,BA
14d9734c,5516e8a4-cb3,89829,Campinas,SP
1a21e39a,ae353b42-aaa,49121,Porto Alegre,RS
9e4c7e0d,12a9e50d-806,73142,Rio de Janeiro,RJ
0d33327a,8bc488c2-2a7,54077,Rio de Janeiro,RJ
2ac66224,ada39554-71d,93964,Porto Alegre,RS
7c12ffc0,14685715-262,46291,Salvador,BA
059bc403,ce377b2b-19c,95998,Porto Alegre,RS
1ac17d5b,339f59d0-e5e,34688,Porto Alegre,RS
e9a8a25d,ef9890ce-7d9,77802,Belo Horizonte,MG
3537e170,b86dab9d-27b,17441,Curitiba,PR
cb906066,4b2fa69e-16f,62965,Campinas,SP
29f5f794,6d7e8af6-496,99228,Salvador,BA
d2f96d33,98d27628-b45,13336,Belo Horizonte,MG
ed329509,e1247767-e34,48745,Fortaleza,CE
41b74162,080fb4fd-b9c,64862,Porto Alegre,RS
2dfdfa5b,db7e076b-dad,60891,Brasília,DF
d48975be,6a19cc8f-608,86418,São Paulo,SP
d64cd06f,48ca07ea-0f1,34892,Campinas,SP
dd83427d,12413d17-888,39145,Salvador,BA
6b2684bd,049910a9-22f,93665,Recife,PE
65dcb60e,2999d0fc-903,98063,Fortaleza,CE
47320469,4628e25b-42e,76494,Salvador,BA
78cba808,da1ffdde-580,32280,Porto Alegre,RS
cc7bbe2a,386ededb-f9c,33741,Recife,PE
2c3941dd,1d3e9eac-001,22793,Porto Alegre,RS
4f389b6b,386ededb-f9c,26769,Fortaleza,CE
f3cfb6c7,bd5e71c4-d8d,83273,Porto Alegre,RS
5e4874a9,53a4ded6-23f,99091,Belo Horizonte,MG
5fcd0011,32396897-d1b,95778,Salvador,BA
898a819e,c673a12b-d58,39131,Rio de Janeiro,RJ
d50b355f,7e0cdede-b9a,39272,Salvador,BA
f0eee812,58b9bac9-fab,65112,Porto Alegre,RS
bdf833a6,6af16a57-c53,58717,Salvador,BA
88a0c5cf,b9543d34-fa0,86751,Porto Alegre,RS
089bfae1,1c797f63-ec4,70786,Porto Alegre,RS
d114e50c,95b37cba-7a6,71674,Rio de Janeiro,RJ
98d521a6,cd2331ce-084,93151,São Paulo,SP
18d76b60,77e61a38-1ce,86062,Campinas,SP
1d26216d,6d290e5e-7d0,19334,Campinas,SP
7840a5e7,d53a0f7b-d6e,35499,Fortaleza,CE
1be68eea,0c859aa7-21d,25704,Recife,PE
f8156937,a2237eb1-43e,79446,Brasília,DF
9754d902,a2237eb1-43e,64146,Porto Alegre,RS
1d85c4a7,f85ac18b-b53,29762,São Paulo,SP
f4c98c78,739157d8-601,36253,Belo Horizonte,MG
029d0201,496e0129-e9b,63633,Salvador,BA
f0b8de71,3a4fa7f6-d15,69974,Campinas,SP
791b20d9,6bccc7e5-bdb,51469,Belo Horizonte,MG
5819675b,909d9251-59c,20592,Belo Horizonte,MG
46e1e684,491f5e32-2b8,53598,Fortaleza,CE
9fa6c982,00fc6f7e-ca0,51079,Belo Horizonte,MG
1ed7b52a,55b4a2ec-3b1,10617,São Paulo,SP
dc4bd367,45fb1482-f7a,45851,Fortaleza,CE
aa96a9f0,3162ae5f-78d,32099,Curitiba,PR
7f31a6c1,dfc9b8b5-e85,30766,Campinas,SP
699f1d23,9df4ab35-48c,21539,Fortaleza,CE
8a0177de,3f4e2556-7dd,90541,Belo Horizonte,MG
3763a39f,21b4ab83-c5b,93032,Brasília,DF
ba630108,530e7a29-125,62873,Brasília,DF
014dd382,7bb7000e-b6c,72573,Brasília,DF
7843394a,109e1ec7-723,10611,Brasília,DF
e2df27ff,18e9d66c-fcb,79963,São Paulo,SP
cc22928f,6d290e5e-7d0,58903,Curitiba,PR
a388c941,e6941585-40a,52233,São Paulo,SP
bd7b5c5e,24d19f3d-2f4,34979,Recife,PE
7b754fb6,55513f65-584,98702,São Paulo,SP
74de19c3,9469cfb8-475,92141,São Paulo,SP
dafce6d0,d544e1b4-8e9,39657,Curitiba,PR
db2d654e,1b1fc198-765,50906,Salvador,BA
dbd12148,9aa92bd0-f90,23462,Belo Horizonte,MG
146d7882,7acf2620-c36,75973,Brasília,DF
43173f01,36a022c7-8f7,50123,Campinas,SP
411b69aa,12c06c34-e8e,18557,Belo Horizonte,MG
947b223f,f15695a8-753,49085,São Paulo,SP
ebdd5cbf,16c48311-f28,69759,Porto Alegre,RS
fcec4189,d8608b33-624,88167,Recife,PE
e5ae5fe4,463d6489-407,54280,Recife,PE
547b1a9b,64b8bcea-496,27536,Brasília,DF
6eaa9c3c,180bdf2a-da7,74248,Salvador,BA
0c481cf1,9aa5a033-c0c,34697,Salvador,BA
b50ad9ff,3611f3a5-a23,62873,Belo Horizonte,MG
f02c1af7,b8728c3d-915,39939,São Paulo,SP
89e99d4d,bc8bfb26-486,27197,Curitiba,PR
98e97c83,28d0ca53-d9c,12872,Curitiba,PR
e20a714d,8c25483d-541,76143,Campinas,SP
3877f370,a8ead057-a04,26143,Belo Horizonte,MG
be31a80f,12b850a6-b68,95267,Salvador,BA
b7d80599,5f7e6a7e-801,59177,São Paulo,SP
fa4485ad,c11435da-31e,80088,Porto Alegre,RS
f737dc03,d77d23c0-992,16368,Campinas,SP
2c7503e1,a9ec5675-fc2,16286,Campinas,SP
2191f5dd,ada39554-71d,95664,Rio de Janeiro,RJ
d9b34e08,e1247767-e34,16322,São Paulo,SP
70c45a75,5eab18cc-178,64627,Rio de Janeiro,RJ
ed37d3dd,48783f50-096,59840,Fortaleza,CE
d9ee7fe3,ce377b2b-19c,81733,Rio de Janeiro,RJ
6d40d9d0,58281682-100,72180,Porto Alegre,RS
f994941b,5586876a-02b,36934,Belo Horizonte,MG
efc11797,79d43e50-a15,49467,São Paulo,SP
36604118,62aceb2c-510,96725,Brasília,DF
5dee8dc0,ecf8542b-14e,96832,Rio de Janeiro,RJ
4e210f95,15fb0d41-6bb,45386,Recife,PE
a1926dcf,4b5f0c66-da4,89381,Campinas,SP
4b2f0796,682c4daa-bce,64896,Belo Horizonte,MG
ae833e01,58c78223-328,77054,Rio de Janeiro,RJ
f94c5e0f,d49c39ad-52e,25431,Campinas,SP
937270ad,5586876a-02b,24943,Porto Alegre,RS
860dd06f,2aba1d58-74e,75239,Rio de Janeiro,RJ
7b1c2050,b719ec82-108,89823,Curitiba,PR
ccd6af49,7bc4ff7b-156,44471,Curitiba,PR
fc6c7aa8,f6f23b58-9d6,36433,Recife,PE
9a5fd8ac,47bb9a15-8ae,63707,Salvador,BA
5cc35ac6,226ca0cf-1a8,31020,Porto Alegre,RS
3d311c3d,f224285c-ac6,81845,São Paulo,SP
87bb7f7b,c00613c6-246,37222,Fortaleza,CE
6e8aee1f,c0b99c9a-b36,53332,Fortaleza,CE
d9afeedd,35b5679b-3eb,10358,Curitiba,PR
d21dc5d3,180bdf2a-da7,98032,São Paulo,SP
1e73d01f,81b26c84-3f9,24474,Rio de Janeiro,RJ
0e719cf4,c66ec0b4-ddd,97690,Campinas,SP
5351bd05,c995b717-466,29548,Fortaleza,CE
4ffcb4b8,c69f1a18-a17,77070,Rio de Janeiro,RJ
311d094b,080fb4fd-b9c,23276,Rio de Janeiro,RJ
98f36087,caeb77b8-0c7,94454,Porto Alegre,RS
aeb71e86,6ac51dce-66a,69867,Curitiba,PR
c3726a6e,d3a8c3d5-f92,44619,Porto Alegre,RS
7494e4c0,e1c17c6c-a3f,16564,Fortaleza,CE
3963e83b,748f935d-7e5,32898,Rio de Janeiro,RJ
0be207b2,689985e2-98e,48085,São Paulo,SP
a1cd124e,b8178252-8a2,98705,Salvador,BA
d2adc334,ae89b7b1-8d2,65836,Salvador,BA
d86b9043,e5183b33-0f6,22451,Rio de Janeiro,RJ
873310bf,38b6d16c-e59,11267,São Paulo,SP
590a0e2f,df6b9f98-a83,96947,Belo Horizonte,MG
cc77994e,2015af8f-4fb,53078,Belo Horizonte,MG
ec60c308,a4cf4587-bc4,67372,Salvador,BA
234ac0b8,d29f3fdf-08d,45167,Campinas,SP
c4dafad8,b48d1c24-f08,58840,Rio de Janeiro,RJ
70136d9e,4fc64c10-877,33969,Salvador,BA
d5332303,dc9eee3b-687,62530,Rio de Janeiro,RJ
422022dd,ab538071-ade,69839,Brasília,DF
4def9caa,3a848e22-4a1,60556,Porto Alegre,RS
ace33911,08d111a7-93c,65278,Fortaleza,CE
ff785da8,2015af8f-4fb,24818,Belo Horizonte,MG
228cbc18,44c2db2a-0d6,17686,Belo Horizonte,MG
f4fc1410,b86dab9d-27b,23593,Belo Horizonte,MG
8fcf0956,f2c421ca-25c,87430,Brasília,DF
99d557e6,8132fbe4-946,84572,Fortaleza,CE
4dac8c7a,624c0239-f95,33758,Fortaleza,CE
7d4a7ef3,b45cf789-29b,59774,Campinas,SP
0974ce47,4d9c2fb4-ce0,90131,Salvador,BA
52b81de2,5b0616c2-77a,99714,São Paulo,SP
0b586b0d,15bd3a02-2d6,73318,Belo Horizonte,MG
fdaee79c,2b566e8d-68c,24802,Fortaleza,CE
2058d150,a4dc457f-0ee,67761,Brasília,DF
4c6309b4,fe52fd34-a32,18301,São Paulo,SP
25b5c4b9,785041d0-983,95848,Porto Alegre,RS
5b9fd1ff,4e7cef5b-e9b,11620,Salvador,BA
b8582e8d,e913f691-973,85582,Recife,PE
cc5cfe3e,101b662f-b3e,39358,Campinas,SP
760338b1,ba23b31e-8ab,78039,Salvador,BA
94c4283d,f3d2104a-7de,91033,Recife,PE
15611ef2,414669e6-aa1,66734,Rio de Janeiro,RJ
70535a27,28e3be11-124,73167,Curitiba,PR
72e9c627,768f507e-828,96993,Salvador,BA
66cf3262,126d4b1a-de2,29484,Brasília,DF
363be82e,a39c417c-364,90335,Recife,PE
048188ee,ab538071-ade,11526,São Paulo,SP
5fe939f3,24d19f3d-2f4,76265,Belo Horizonte,MG
cf91cdc5,d932d4d9-cef,74990,Fortaleza,CE
a09fb0c9,e6bea1ee-9eb,19812,Belo Horizonte,MG
9bddfc10,ae353b42-aaa,52026,Fortaleza,CE
0961fc8d,f9462c42-160,53371,Curitiba,PR
063b6264,2aba1d58-74e,16599,Porto Alegre,RS
7bb7fef0,c30b6657-1e0,39190,Recife,PE
0beeafa2,97f23222-f92,94320,Recife,PE
d39787f0,178d5880-183,62858,Brasília,DF
99627d04,d745ea64-72d,20332,Curitiba,PR
b0ebd4dc,3708d9db-a0a,68220,Fortaleza,CE
a9ea80ab,4536baa6-fa5,68733,Campinas,SP
1cd6b9bd,17755196-ba3,75333,Rio de Janeiro,RJ
61693318,fc6c2e33-69f,51426,Fortaleza,CE
32fe619c,12b850a6-b68,75191,Rio de Janeiro,RJ
ff3d2df1,382dab41-89f,23453,São Paulo,SP
aa12fbb4,96e7596b-4f8,64046,Brasília,DF
be79231f,b06aebaa-067,83024,São Paulo,SP
088e818e,b8fcc2e9-002,10022,Recife,PE
3a22d0af,3611f3a5-a23,89194,Rio de Janeiro,RJ
911dac13,47f67c61-bf1,93563,Campinas,SP
8bbfeb65,82709423-adb,76628,Porto Alegre,RS
00e528b5,2d4284b9-120,20011,Belo Horizonte,MG
c22c6f88,da83668f-852,92998,Recife,PE
e0965c13,fd331cb7-794,79547,Rio de Janeiro,RJ
89c426c8,b17e7a21-fa6,35415,Recife,PE
803941d0,c5691bd9-98f,56019,Salvador,BA
f6f369ee,c7c7949e-d86,40968,Belo Horizonte,MG
d149a1bb,44dd5d74-91d,29194,Rio de Janeiro,RJ
e00ea70d,e1ea3f62-5fe,35856,Porto Alegre,RS
9ef92d08,f6f81f96-62d,88957,Belo Horizonte,MG
3d312550,0a815292-dbf,95918,Belo Horizonte,MG
3bb67932,1ee85633-e9e,33218,Rio de Janeiro,RJ
fbb1ac7f,6a1a4012-58b,70811,Fortaleza,CE
8f11d974,58e5e814-53f,85952,Campinas,SP
7a28783b,f3c58d18-6d4,99277,Fortaleza,CE
2387a004,c1e2afbb-a95,94278,Campinas,SP
