product_id,product_category_name,product_weight_g,product_length_cm,product_height_cm,product_width_cm
af7c3d3f,housewares,3489,68,26,33
ad3fe261,health_beauty,3752,68,26,45
e8f2b837,garden_tools,9929,70,50,52
dbd26aa1,sports_leisure,7514,24,11,58
e1c6fa6e,electronics,3733,10,26,32
73ae90c5,electronics,4883,80,38,33
c7d80541,fashion_bags,1841,15,15,41
edc1d87a,auto,6804,23,21,49
5a5a81da,bed_bath_table,3172,25,30,23
f30d14a5,telephony,3222,53,11,58
ed213a56,watches_gifts,861,25,33,39
f96eeb5c,electronics,9755,74,13,41
e2aac2dd,health_beauty,8789,16,40,37
92a83e26,garden_tools,8012,75,16,54
b1a45968,garden_tools,2945,26,11,34
cbe411a2,electronics,9939,51,37,34
21155322,watches_gifts,4167,45,30,31
3ed09add,furniture_decor,7519,27,13,36
22af20fd,garden_tools,8493,48,49,45
25286f10,sports_leisure,9169,37,17,23
7bfdad86,garden_tools,4860,54,48,18
0f9cd918,fashion_bags,3013,74,39,54
7c8eb5e3,electronics,5381,24,27,45
1ca67118,telephony,9648,63,48,57
c173b5e1,housewares,4784,64,5,43
0570f6af,computers_accessories,514,58,14,13
ae33358f,electronics,1027,35,22,58
27dbfee3,auto,4795,42,14,13
a74489e0,fashion_bags,4935,36,39,12
81b3a025,sports_leisure,7515,23,44,53
b9ebeafd,fashion_bags,9305,38,46,45
eb85827d,watches_gifts,3992,75,49,28
6c3d4a04,fashion_bags,869,58,29,36
18b2b5a9,electronics,5222,80,8,10
1a67a9ff,fashion_bags,4217,35,44,59
c3b5fec6,telephony,3795,57,42,44
bacdb118,fashion_bags,9985,35,17,28
833cec1b,telephony,3006,19,16,21
80f192ad,fashion_bags,8518,25,29,12
5398e4a2,watches_gifts,4672,43,13,20
962a09ee,garden_tools,4278,10,26,39
a35409cd,fashion_bags,2636,15,14,30
edb8f78e,garden_tools,933,48,36,60
cf55c767,garden_tools,9113,55,9,60
9e445642,fashion_bags,5307,77,19,21
aef5d53f,housewares,1217,74,15,36
8fb9b9d4,housewares,8898,61,10,32
8492863a,bed_bath_table,3595,52,26,33
1d6c8389,furniture_decor,3679,77,35,45
a0ea4d65,electronics,244,24,47,32
b721a513,telephony,4037,41,7,53
59105597,sports_leisure,6348,24,29,26
858d2ce8,housewares,4733,13,38,59
c909b752,sports_leisure,8526,75,33,41
4179340c,health_beauty,4956,34,25,42
24a1c73a,computers_accessories,1672,31,39,44
7de3f7af,health_beauty,1172,36,47,50
5d0203f7,bed_bath_table,7050,23,18,44
ae6650c6,fashion_bags,7230,19,48,19
584eb8cb,health_beauty,7623,52,7,15
12b1c297,computers_accessories,989,32,21,45
bd91e8ae,computers_accessories,9520,39,21,36
bad7bd4a,watches_gifts,7491,61,32,30
fcd95cf7,health_beauty,6481,25,39,10
d7fc0a60,electronics,1136,15,49,14
4dae095f,sports_leisure,8338,23,23,60
05f43073,electronics,5037,21,23,58
ddea18ae,telephony,6349,60,47,11
5a677ab7,telephony,2661,78,19,18
e36d4b42,fashion_bags,6506,79,23,50
f7d02a95,auto,4983,57,5,45
5cd14ab1,housewares,2416,25,7,10
695cee78,garden_tools,9875,60,39,45
7ad28f77,computers_accessories,5092,36,27,23
a01c84b0,watches_gifts,8497,28,15,21
1f27dff3,bed_bath_table,4240,34,12,21
63cb55c9,electronics,9394,16,40,39
343dcfd1,electronics,9105,19,23,52
346d75cc,computers_accessories,4207,22,17,56
41386a8b,garden_tools,8082,52,27,18
82a623b9,electronics,3942,22,23,49
42986a86,computers_accessories,3270,50,36,38
15e94fa2,sports_leisure,5108,29,41,46
141650f5,sports_leisure,5282,64,15,10
4c249fa5,sports_leisure,4133,38,50,57
714642dd,electronics,7245,45,28,18
43835fbf,electronics,5532,71,34,38
a35c6479,sports_leisure,5104,72,40,16
30056d29,auto,1443,45,13,44
01b22555,bed_bath_table,4412,19,9,11
b617be37,housewares,611,61,42,23
b5c58c9d,health_beauty,9137,43,39,44
4767d031,telephony,2535,56,30,24
55ba7e8c,garden_tools,4867,27,34,42
1fa19b01,housewares,1583,60,28,42
860994ba,health_beauty,4013,31,37,18
00f1f66d,telephony,2708,32,41,46
2fde09c6,electronics,2495,71,27,12
b499bd3c,bed_bath_table,8089,39,9,26
572684f3,sports_leisure,3934,15,47,23
dd59ea80,housewares,6018,59,35,39
42ac8785,health_beauty,753,51,11,55
a490f0cd,housewares,4580,43,42,44
068b1543,garden_tools,2948,58,46,34
7ee46027,sports_leisure,9728,19,38,26
3cebde76,watches_gifts,3751,76,30,32
c766242f,sports_leisure,8076,71,43,10
13d52475,housewares,2376,66,15,24
b81b3046,computers_accessories,8530,45,18,19
4821bd82,auto,2678,56,43,55
8ee662e2,computers_accessories,3873,63,26,56
4fbb9951,computers_accessories,7989,71,35,23
1a17b66b,garden_tools,2741,62,6,25
d470fd17,health_beauty,2195,30,13,50
4b9fe1f9,housewares,742,28,8,20
f1a25060,furniture_decor,3049,76,30,48
acae5659,garden_tools,405,46,10,23
e74981f9,telephony,7823,71,15,24
ae2a4ad9,watches_gifts,9944,28,42,59
06697ada,auto,8469,43,15,56
b131e4c7,electronics,5714,68,43,47
227bd523,computers_accessories,3865,58,29,18
6ac32529,computers_accessories,371,35,38,42
67b06d3d,electronics,6977,29,43,16
73bf66cd,auto,7896,14,39,42
3e00cd4d,computers_accessories,1626,71,47,18
5b76386b,garden_tools,8935,10,48,51
b7259473,watches_gifts,8653,63,28,12
c587f345,fashion_bags,8780,64,19,40
9ae01382,watches_gifts,5842,22,32,18
5414d82a,furniture_decor,7917,39,10,28
661320a7,garden_tools,9008,62,21,22
6f1a0713,health_beauty,216,76,12,43
30b713c0,health_beauty,6244,36,49,30
0b14df53,watches_gifts,6035,23,14,37
b95998dd,electronics,9690,42,21,44
943a1be7,watches_gifts,9351,56,44,27
d424c64b,electronics,6611,36,31,45
f8241532,housewares,8004,32,28,45
8ff0f5a7,housewares,8025,42,24,46
ebdd156e,sports_leisure,6622,27,47,17
c2a0ed70,fashion_bags,3864,67,49,20
71088410,computers_accessories,3613,75,30,60
40663e45,sports_leisure,9120,16,15,34
d1310ac6,electronics,186,21,14,40
8b587576,garden_tools,7233,21,9,26
432acc63,bed_bath_table,6175,20,43,12
671b4fed,fashion_bags,6396,61,44,51
c6b454f7,housewares,4793,17,16,50
d25a7b66,telephony,7292,11,17,52
a65474a3,housewares,4785,34,7,60
ba99f4cc,garden_tools,8464,76,49,24
25cbedf2,garden_tools,2876,14,28,25
e44dc6e0,electronics,104,30,10,27
06d10537,watches_gifts,5885,60,30,47
1bef1134,bed_bath_table,8582,11,50,14
11ce6482,computers_accessories,9104,46,40,47
ff0dac41,sports_leisure,5793,45,19,48
e8254a94,bed_bath_table,7550,61,41,10
86289f74,furniture_decor,2967,62,37,16
ea4ef1a7,housewares,1285,74,23,31
ced3cd7c,computers_accessories,8509,42,39,60
13f00340,garden_tools,4198,66,29,46
8742fdbe,telephony,4085,53,34,53
2a5ed824,telephony,9714,13,35,17
8de4e26c,furniture_decor,1206,58,45,60
2a4d40ff,bed_bath_table,3867,50,31,32
45104aa7,housewares,8876,11,49,26
cb2a336f,bed_bath_table,4806,21,30,53
edeebea4,fashion_bags,5703,19,40,21
b25c0395,telephony,5242,55,18,46
0203ff6f,furniture_decor,3094,34,36,57
c076efd0,bed_bath_table,3947,40,21,23
f73320d2,bed_bath_table,3422,41,44,32
64059073,auto,1847,25,10,53
cc935477,electronics,8171,10,39,12
bc304333,telephony,6181,50,36,46
fa0c448e,furniture_decor,8141,33,37,27
4f06f5f6,watches_gifts,3738,26,8,43
ac092b61,watches_gifts,7936,79,7,42
35bf64d1,sports_leisure,6550,32,34,17
7ca12e2f,fashion_bags,8590,68,25,54
5d7f440d,health_beauty,293,36,29,47
dac043c1,computers_accessories,5431,56,44,26
e5ae839e,auto,9087,43,20,27
46130b9f,telephony,5721,56,16,41
efbe5223,watches_gifts,3549,63,49,58
7ac70db9,sports_leisure,6081,61,22,38
ae28a23e,auto,9461,26,41,53
b34dafed,bed_bath_table,1736,44,20,45
36dcbb7e,watches_gifts,6340,35,14,57
ad14c942,auto,7849,11,16,36
8c184e16,telephony,2303,76,39,56
17e5d58b,sports_leisure,8072,48,21,45
259a60e5,garden_tools,881,60,11,54
ccdaacf2,auto,1083,37,21,40
f3583162,electronics,1677,67,26,26
53ca8c22,sports_leisure,6003,42,27,11
dce37340,watches_gifts,2086,54,48,48
11b5ce57,bed_bath_table,9551,78,16,59
34b60de6,furniture_decor,5918,51,48,42
4715402d,telephony,7422,20,29,49
5a01c7ca,furniture_decor,7698,28,15,50
87953b9c,sports_leisure,7011,61,9,15
f2168bc4,auto,5729,39,25,30
bcf2bce8,electronics,4873,44,43,51
89e99561,watches_gifts,4544,66,28,57
bb8a0b65,garden_tools,8635,67,31,20
2942d890,auto,478,26,20,52
bda0303b,furniture_decor,1411,36,15,35
a2ee6258,computers_accessories,1665,18,35,45
499552bf,health_beauty,531,60,38,58
b3cf73d5,computers_accessories,1802,43,44,19
d8b47e9b,computers_accessories,6487,49,19,25
72966584,fashion_bags,4755,66,45,18
ad29cfcc,auto,8730,31,6,12
e31ba7d4,electronics,5946,51,35,39
17bbcd88,housewares,4563,80,33,18
8c4d1c4c,fashion_bags,8935,32,42,48
35b07f2f,telephony,9340,65,38,50
c024873d,electronics,8845,49,27,40
56c23881,housewares,3821,21,33,29
215571b7,sports_leisure,6853,43,14,29
92ebab06,health_beauty,101,76,13,32
64e7c9dc,furniture_decor,7787,78,5,54
7c16586a,telephony,7916,48,5,59
85b148ec,watches_gifts,4899,39,5,45
bb2dcad1,sports_leisure,3189,62,40,37
4ebc1480,watches_gifts,4194,30,50,57
d38de927,electronics,6485,58,19,26
63a33f6d,computers_accessories,7017,40,38,58
0145b8da,garden_tools,4554,46,46,57
ea93ce95,housewares,4504,62,17,14
331264ad,auto,2338,47,12,50
a0683d93,telephony,7518,44,49,49
32d9c356,telephony,3176,51,6,19
3f0171a6,health_beauty,8864,12,16,16
d0fd83ca,furniture_decor,4510,26,50,38
d8bd785c,fashion_bags,234,39,10,19
18555030,health_beauty,8186,37,26,36
17d9bda9,furniture_decor,8265,57,34,54
02e52845,health_beauty,5510,20,14,13
2ec4191e,furniture_decor,6529,19,39,40
45284e60,auto,3248,42,29,10
21c6d812,computers_accessories,4178,59,33,25
32431646,fashion_bags,649,35,34,57
91a01fb1,computers_accessories,8638,36,35,34
76252a44,electronics,5213,51,15,50
e0125e51,fashion_bags,791,80,38,17
aba91719,furniture_decor,7984,48,17,33
dc1cad4b,health_beauty,3668,24,20,50
25449731,watches_gifts,5416,11,15,60
af2aae2e,furniture_decor,9679,25,30,60
2ce3ae86,bed_bath_table,246,15,42,60
19c7a2a5,fashion_bags,7886,29,28,59
844c0629,computers_accessories,4175,30,36,15
b27e8c45,electronics,5644,17,8,32
8b02e1d3,electronics,2621,78,11,18
040b7928,telephony,3912,50,40,60
026bf726,electronics,5790,66,17,11
e1a1c8e9,fashion_bags,6289,55,13,26
dd9ea5e6,health_beauty,8051,66,40,28
d8cc903c,housewares,8129,34,41,21
83ffdcdd,housewares,5796,51,34,27
444631da,garden_tools,9185,30,9,43
d8012882,auto,7462,47,21,44
a69afd9f,sports_leisure,7539,10,45,42
ae2723a6,watches_gifts,3139,12,44,33
89c04c0a,garden_tools,4012,51,9,52
e930d17d,housewares,6448,34,38,53
dfdbc83d,telephony,9135,29,44,28
578b6230,sports_leisure,6814,51,12,16
71149b97,housewares,1192,15,13,21
5d8fa470,health_beauty,3410,23,36,22
623da73e,computers_accessories,621,59,47,41
c39c1db2,housewares,9771,42,8,33
508bf8ab,bed_bath_table,1261,11,18,51
135ab652,telephony,1410,69,45,13
924c80ea,sports_leisure,9242,63,28,60
87aa2d53,fashion_bags,1055,44,38,12
0192baf0,fashion_bags,1253,48,9,23
c18b5129,housewares,1691,22,19,44
056408d4,watches_gifts,3204,34,38,52
72b33988,bed_bath_table,9439,32,40,57
bdb03f62,housewares,6902,23,45,46
34bf6985,sports_leisure,7615,64,11,20
0edb474e,auto,9110,61,37,31
7aac1942,electronics,2691,78,43,38
8c2dc506,sports_leisure,5263,80,25,33
aa9168b7,watches_gifts,7154,51,43,25
8464d5d5,garden_tools,9039,37,29,59
b604b57b,housewares,4262,56,33,38
fdfdede0,watches_gifts,103,14,23,48
46247658,health_beauty,8580,27,24,10
8af3c722,furniture_decor,3735,37,25,11
cd04d99b,fashion_bags,4621,80,37,45
96559be2,garden_tools,9465,29,11,12
4ba1d7fc,telephony,5927,29,13,26
ab6a864d,sports_leisure,9638,41,19,26
3ec0f88d,furniture_decor,1605,61,41,23
