order_year,order_month,total_orders,total_revenue,avg_order_value,prev_month_revenue,mom_growth_pct
2025,1,356,242174.96,486.3,,
2025,2,319,212393.39,478.36,242174.96,-12.3
2025,3,347,228409.14,479.85,212393.39,7.54
2025,4,362,235378.88,467.02,228409.14,3.05
2025,5,347,196269.04,432.31,235378.88,-16.62
2025,6,369,206128.81,416.42,196269.04,5.02
2025,7,338,189199.1,430.98,206128.81,-8.21
2025,8,377,275557.35,502.84,189199.1,45.64
2025,9,350,213684.26,448.92,275557.35,-22.45
2025,10,367,233418.05,460.39,213684.26,9.24
2025,11,357,231000.29,470.47,233418.05,-1.04
2025,12,400,240389.64,441.08,231000.29,4.06
2026,1,8,3773.51,343.05,240389.64,-98.43
